datetime,pm25_ugm3,pm10_ugm3,co_ugm3,no2_ugm3,so2_ugm3,o3_ugm3,aerosol_optical_depth,dust_ugm3,temperature_c,relative_humidity_pct,surface_pressure_hpa,precipitation_mm,wind_speed_10m_kmh,wind_direction_10m_deg,location_label,air_quality_source,air_quality_data_type,weather_source
2026-01-01,78.27499999999999,79.25416666666666,442.5,41.75,16.858333333333334,46.0,0.27875,0.0,24.429166666666664,90.33333333333333,981.2708333333334,16.1,7.2,229.25,Semarang - sekitar Mijen/Jatisari,Open-Meteo / CAMS Global,model,Open-Meteo Historical Weather
2026-01-02,77.47500000000001,79.0125,549.6666666666666,42.87083333333334,18.025000000000002,59.583333333333336,0.5620833333333334,0.0,24.870833333333334,88.75,982.525,16.4,5.716666666666666,218.45833333333334,Semarang - sekitar Mijen/Jatisari,Open-Meteo / CAMS Global,model,Open-Meteo Historical Weather
2026-01-03,101.51666666666667,103.98333333333333,486.0416666666667,51.86666666666667,22.1875,40.875,0.5233333333333333,0.20833333333333334,23.895833333333332,92.33333333333333,983.1541666666667,13.6,5.245833333333334,208.125,Semarang - sekitar Mijen/Jatisari,Open-Meteo / CAMS Global,model,Open-Meteo Historical Weather
2026-01-04,93.91250000000001,94.95416666666667,500.0416666666667,49.041666666666664,20.591666666666665,61.666666666666664,0.4183333333333334,0.0,24.791666666666668,86.54166666666667,983.6833333333334,12.7,6.020833333333333,197.41666666666666,Semarang - sekitar Mijen/Jatisari,Open-Meteo / CAMS Global,model,Open-Meteo Historical Weather
2026-01-05,101.78750000000001,102.85833333333333,507.375,45.541666666666664,18.191666666666666,72.375,0.5929166666666666,0.0,24.883333333333336,86.16666666666667,983.7541666666666,0.2,6.304166666666667,220.20833333333334,Semarang - sekitar Mijen/Jatisari,Open-Meteo / CAMS Global,model,Open-Meteo Historical Weather
2026-01-06,103.5,105.46249999999999,441.4583333333333,37.420833333333334,14.15,78.5,0.57125,0.0,26.104166666666668,74.41666666666667,982.9833333333332,1.0,6.366666666666667,170.45833333333334,Semarang - sekitar Mijen/Jatisari,Open-Meteo / CAMS Global,model,Open-Meteo Historical Weather
2026-01-07,94.70416666666667,96.64166666666667,399.125,43.06666666666666,15.570833333333333,49.958333333333336,0.5029166666666667,0.0,25.775000000000002,80.5,982.7916666666666,3.8,6.341666666666666,219.58333333333334,Semarang - sekitar Mijen/Jatisari,Open-Meteo / CAMS Global,model,Open-Meteo Historical Weather
2026-01-08,82.43333333333334,84.04583333333333,396.25,32.47083333333333,13.016666666666666,61.25,0.5445833333333333,0.3333333333333333,25.454166666666666,82.75,982.5416666666666,7.6,7.120833333333334,225.0,Semarang - sekitar Mijen/Jatisari,Open-Meteo / CAMS Global,model,Open-Meteo Historical Weather
2026-01-09,59.70416666666667,60.81666666666666,433.7083333333333,31.65416666666667,11.816666666666668,41.666666666666664,0.4566666666666667,0.0,24.59166666666667,90.41666666666667,982.5583333333334,28.7,6.5125,230.625,Semarang - sekitar Mijen/Jatisari,Open-Meteo / CAMS Global,model,Open-Meteo Historical Weather
2026-01-10,62.39166666666666,63.479166666666664,464.5833333333333,29.870833333333334,11.754166666666668,41.666666666666664,0.39666666666666667,0.0,23.34166666666667,94.83333333333333,982.9291666666667,18.1,7.233333333333333,212.70833333333334,Semarang - sekitar Mijen/Jatisari,Open-Meteo / CAMS Global,model,Open-Meteo Historical Weather
2026-01-11,65.52083333333333,66.77916666666667,415.5833333333333,34.15833333333333,12.370833333333332,46.208333333333336,0.5570833333333334,0.0,23.28333333333333,93.83333333333333,983.2166666666667,32.6,7.041666666666667,232.29166666666666,Semarang - sekitar Mijen/Jatisari,Open-Meteo / CAMS Global,model,Open-Meteo Historical Weather
2026-01-12,52.01666666666667,52.675000000000004,351.375,30.333333333333332,12.424999999999999,44.541666666666664,0.4083333333333334,0.125,23.037499999999998,93.45833333333333,983.3666666666667,6.6,10.508333333333333,245.33333333333334,Semarang - sekitar Mijen/Jatisari,Open-Meteo / CAMS Global,model,Open-Meteo Historical Weather
2026-01-13,62.68333333333334,63.74166666666667,355.5,32.61666666666667,13.358333333333334,52.208333333333336,0.5129166666666667,0.4583333333333333,23.916666666666668,90.66666666666667,982.9499999999999,10.5,10.341666666666667,237.33333333333334,Semarang - sekitar Mijen/Jatisari,Open-Meteo / CAMS Global,model,Open-Meteo Historical Weather
2026-01-14,51.98333333333333,53.25833333333333,385.8333333333333,27.045833333333334,11.195833333333333,49.791666666666664,0.4575,0.25,23.483333333333334,92.875,982.0541666666667,28.8,9.841666666666667,234.54166666666666,Semarang - sekitar Mijen/Jatisari,Open-Meteo / CAMS Global,model,Open-Meteo Historical Weather
2026-01-15,59.00833333333333,60.012499999999996,382.0416666666667,30.03333333333333,11.595833333333333,46.083333333333336,0.4595833333333333,0.0,23.295833333333334,93.83333333333333,981.8208333333333,24.7,8.325000000000001,237.33333333333334,Semarang - sekitar Mijen/Jatisari,Open-Meteo / CAMS Global,model,Open-Meteo Historical Weather
2026-01-16,46.20416666666667,46.9375,343.5833333333333,27.141666666666666,12.9125,49.083333333333336,0.43250000000000005,0.0,24.575,86.625,981.0500000000001,4.3,11.216666666666667,257.2916666666667,Semarang - sekitar Mijen/Jatisari,Open-Meteo / CAMS Global,model,Open-Meteo Historical Weather
2026-01-17,43.48333333333333,43.925000000000004,347.9166666666667,23.120833333333334,11.975,57.583333333333336,0.42208333333333337,0.0,24.03333333333333,92.29166666666667,979.9125,10.7,9.15,262.1666666666667,Semarang - sekitar Mijen/Jatisari,Open-Meteo / CAMS Global,model,Open-Meteo Historical Weather
2026-01-18,47.104166666666664,47.62083333333334,387.125,33.125,13.975,39.291666666666664,0.21166666666666667,0.0,23.52916666666667,94.375,979.9125,19.3,9.9,262.4166666666667,Semarang - sekitar Mijen/Jatisari,Open-Meteo / CAMS Global,model,Open-Meteo Historical Weather
2026-01-19,64.10833333333333,64.6125,444.1666666666667,32.69583333333333,13.9625,57.75,0.5383333333333333,0.0,24.433333333333334,89.375,980.6833333333334,20.5,7.7375,236.125,Semarang - sekitar Mijen/Jatisari,Open-Meteo / CAMS Global,model,Open-Meteo Historical Weather
2026-01-20,54.9625,55.324999999999996,415.75,29.025000000000002,12.441666666666668,50.75,0.6016666666666667,0.0,24.383333333333336,90.45833333333333,981.4208333333332,21.8,9.6875,261.6666666666667,Semarang - sekitar Mijen/Jatisari,Open-Meteo / CAMS Global,model,Open-Meteo Historical Weather
2026-01-21,46.57083333333333,46.895833333333336,448.0,28.083333333333332,15.241666666666667,48.458333333333336,0.3179166666666667,0.0,23.633333333333336,91.70833333333333,981.2041666666668,15.4,9.383333333333333,255.41666666666666,Semarang - sekitar Mijen/Jatisari,Open-Meteo / CAMS Global,model,Open-Meteo Historical Weather
2026-01-22,25.183333333333334,25.495833333333334,309.6666666666667,17.908333333333335,14.0,49.208333333333336,0.21416666666666664,0.0,23.5,93.08333333333333,981.6166666666667,15.700000000000001,14.045833333333334,279.3333333333333,Semarang - sekitar Mijen/Jatisari,Open-Meteo / CAMS Global,model,Open-Meteo Historical Weather
2026-01-23,14.341666666666667,15.108333333333334,225.5,8.25,6.670833333333333,77.25,0.25958333333333333,0.0,22.991666666666664,97.79166666666667,983.1,44.3,14.983333333333334,284.625,Semarang - sekitar Mijen/Jatisari,Open-Meteo / CAMS Global,model,Open-Meteo Historical Weather
2026-01-24,15.766666666666666,17.3125,224.70833333333334,6.970833333333334,5.191666666666666,81.16666666666667,0.24375000000000002,0.0,24.5625,84.91666666666667,984.275,2.0,16.658333333333335,277.7083333333333,Semarang - sekitar Mijen/Jatisari,Open-Meteo / CAMS Global,model,Open-Meteo Historical Weather
2026-01-25,29.525000000000002,30.833333333333332,242.58333333333334,14.966666666666667,8.770833333333334,77.16666666666667,0.34833333333333333,0.0,25.0125,80.625,983.8458333333333,2.9000000000000004,14.075000000000001,287.4166666666667,Semarang - sekitar Mijen/Jatisari,Open-Meteo / CAMS Global,model,Open-Meteo Historical Weather
2026-01-26,44.69583333333333,45.77916666666667,310.8333333333333,23.2375,10.299999999999999,62.666666666666664,0.5304166666666666,0.0,24.770833333333332,86.79166666666667,983.9208333333332,9.5,10.975,271.5416666666667,Semarang - sekitar Mijen/Jatisari,Open-Meteo / CAMS Global,model,Open-Meteo Historical Weather
2026-01-27,36.4,37.270833333333336,333.5833333333333,23.208333333333332,11.0,53.458333333333336,0.4691666666666667,0.0,23.616666666666664,95.20833333333333,984.2458333333334,43.3,9.875,272.2916666666667,Semarang - sekitar Mijen/Jatisari,Open-Meteo / CAMS Global,model,Open-Meteo Historical Weather
2026-01-28,22.241666666666664,23.15833333333333,263.5833333333333,14.4625,6.575,54.333333333333336,0.25916666666666666,0.0,23.820833333333336,91.25,984.3458333333333,13.4,10.625,273.2916666666667,Semarang - sekitar Mijen/Jatisari,Open-Meteo / CAMS Global,model,Open-Meteo Historical Weather
2026-01-29,31.21666666666667,31.929166666666664,254.0,16.616666666666667,7.929166666666667,60.958333333333336,0.21041666666666667,0.0,25.129166666666666,83.08333333333333,984.4166666666666,3.9,10.2875,278.75,Semarang - sekitar Mijen/Jatisari,Open-Meteo / CAMS Global,model,Open-Meteo Historical Weather
2026-01-30,51.9375,52.65,387.0,26.6875,10.737499999999999,52.083333333333336,0.38208333333333333,0.0,25.254166666666666,81.08333333333333,984.9791666666666,0.6,9.8375,248.54166666666666,Semarang - sekitar Mijen/Jatisari,Open-Meteo / CAMS Global,model,Open-Meteo Historical Weather
2026-01-31,54.300000000000004,54.96666666666667,432.25,29.349999999999998,11.841666666666667,52.875,0.4683333333333333,0.0,24.741666666666664,88.125,984.3874999999999,15.1,6.991666666666667,227.91666666666666,Semarang - sekitar Mijen/Jatisari,Open-Meteo / CAMS Global,model,Open-Meteo Historical Weather
2026-02-01,57.56666666666666,58.12083333333334,512.25,30.05,14.604166666666666,76.54166666666667,0.52,0.0,24.099999999999998,89.70833333333333,983.6666666666666,23.599999999999998,6.470833333333334,229.875,Semarang - sekitar Mijen/Jatisari,Open-Meteo / CAMS Global,model,Open-Meteo Historical Weather
2026-02-02,59.27916666666667,59.800000000000004,459.375,30.712500000000002,15.229166666666666,62.416666666666664,0.5454166666666667,0.0,23.9875,91.45833333333333,984.1208333333334,24.0,6.066666666666666,232.125,Semarang - sekitar Mijen/Jatisari,Open-Meteo / CAMS Global,model,Open-Meteo Historical Weather
2026-02-03,66.42916666666666,67.0625,467.9166666666667,32.699999999999996,15.137500000000001,65.08333333333333,0.5145833333333333,0.0,24.09166666666667,91.04166666666667,984.3541666666666,33.7,6.966666666666666,218.5,Semarang - sekitar Mijen/Jatisari,Open-Meteo / CAMS Global,model,Open-Meteo Historical Weather
2026-02-04,68.52083333333333,69.07083333333334,390.8333333333333,34.083333333333336,15.941666666666668,59.416666666666664,0.5758333333333333,0.0,23.866666666666664,90.45833333333333,983.8416666666667,76.2,8.391666666666667,228.5,Semarang - sekitar Mijen/Jatisari,Open-Meteo / CAMS Global,model,Open-Meteo Historical Weather
2026-02-05,66.35833333333333,66.65833333333333,477.7083333333333,29.53333333333333,13.674999999999999,62.958333333333336,0.6595833333333333,0.0,24.266666666666666,89.95833333333333,983.525,29.7,7.945833333333333,238.91666666666666,Semarang - sekitar Mijen/Jatisari,Open-Meteo / CAMS Global,model,Open-Meteo Historical Weather
2026-02-06,69.8625,70.64583333333333,447.0416666666667,35.641666666666666,14.5625,55.333333333333336,0.5004166666666666,0.0,24.337500000000002,89.66666666666667,983.1666666666666,32.699999999999996,7.425,234.20833333333334,Semarang - sekitar Mijen/Jatisari,Open-Meteo / CAMS Global,model,Open-Meteo Historical Weather
2026-02-07,71.575,72.3,358.875,35.291666666666664,15.245833333333332,47.25,0.5729166666666666,0.0,24.433333333333334,90.125,982.6708333333332,11.4,11.404166666666667,256.125,Semarang - sekitar Mijen/Jatisari,Open-Meteo / CAMS Global,model,Open-Meteo Historical Weather
2026-02-08,55.98333333333333,56.458333333333336,323.2083333333333,30.8625,15.308333333333332,50.041666666666664,0.4495833333333334,0.0,24.741666666666664,89.45833333333333,982.4416666666666,8.7,10.716666666666667,264.7916666666667,Semarang - sekitar Mijen/Jatisari,Open-Meteo / CAMS Global,model,Open-Meteo Historical Weather
2026-02-09,41.0875,41.53333333333333,376.5416666666667,24.5625,11.970833333333333,51.791666666666664,0.33,0.0,24.325,91.45833333333333,982.5291666666667,12.5,8.245833333333334,254.375,Semarang - sekitar Mijen/Jatisari,Open-Meteo / CAMS Global,model,Open-Meteo Historical Weather
2026-02-10,73.94166666666666,74.6875,747.4166666666666,38.47083333333333,16.020833333333332,59.875,0.6233333333333334,0.0,24.27916666666667,89.33333333333333,983.6,23.1,6.325,213.45833333333334,Semarang - sekitar Mijen/Jatisari,Open-Meteo / CAMS Global,model,Open-Meteo Historical Weather
2026-02-11,103.36666666666667,104.25416666666666,523.4583333333334,47.6,18.791666666666668,70.66666666666667,0.6737500000000001,0.0,24.416666666666668,91.04166666666667,983.875,24.1,6.45,225.95833333333334,Semarang - sekitar Mijen/Jatisari,Open-Meteo / CAMS Global,model,Open-Meteo Historical Weather
2026-02-12,82.1625,82.99166666666666,494.4166666666667,39.920833333333334,16.462500000000002,61.333333333333336,0.7041666666666666,0.0,24.708333333333332,89.25,982.5124999999999,31.400000000000002,7.058333333333334,212.25,Semarang - sekitar Mijen/Jatisari,Open-Meteo / CAMS Global,model,Open-Meteo Historical Weather
2026-02-13,65.2625,66.5,441.0833333333333,36.44166666666667,18.3125,42.166666666666664,0.3879166666666667,0.0,24.245833333333334,89.75,982.1458333333334,10.6,8.333333333333334,223.0,Semarang - sekitar Mijen/Jatisari,Open-Meteo / CAMS Global,model,Open-Meteo Historical Weather
2026-02-14,72.20416666666667,73.02499999999999,549.4166666666666,40.17916666666667,18.133333333333333,73.79166666666667,0.6195833333333333,0.0,24.708333333333332,87.20833333333333,981.5916666666667,23.9,7.125,214.66666666666666,Semarang - sekitar Mijen/Jatisari,Open-Meteo / CAMS Global,model,Open-Meteo Historical Weather
2026-02-15,51.6,52.15833333333333,483.2916666666667,28.554166666666664,14.341666666666667,65.04166666666667,0.5354166666666667,0.0,24.895833333333332,90.33333333333333,980.8874999999999,16.900000000000002,6.970833333333334,225.75,Semarang - sekitar Mijen/Jatisari,Open-Meteo / CAMS Global,model,Open-Meteo Historical Weather
2026-02-16,55.762499999999996,56.291666666666664,472.9166666666667,31.587500000000002,15.066666666666668,49.958333333333336,0.44625000000000004,0.0,24.316666666666666,92.625,980.5416666666666,19.2,7.7124999999999995,236.20833333333334,Semarang - sekitar Mijen/Jatisari,Open-Meteo / CAMS Global,model,Open-Meteo Historical Weather
2026-02-17,67.2375,68.12083333333334,370.5,35.166666666666664,13.424999999999999,51.791666666666664,0.48416666666666663,0.0,25.316666666666666,86.0,980.1750000000001,2.0,7.570833333333333,264.375,Semarang - sekitar Mijen/Jatisari,Open-Meteo / CAMS Global,model,Open-Meteo Historical Weather
2026-02-18,30.625,31.045833333333334,286.0,18.554166666666667,9.941666666666666,55.166666666666664,0.22916666666666666,0.0,24.28333333333333,91.0,981.3166666666666,13.7,8.966666666666667,263.375,Semarang - sekitar Mijen/Jatisari,Open-Meteo / CAMS Global,model,Open-Meteo Historical Weather
2026-02-19,41.833333333333336,42.1,289.125,22.741666666666664,10.695833333333333,59.916666666666664,0.25625000000000003,0.0,24.724999999999998,87.25,982.7208333333333,11.9,9.291666666666666,257.9583333333333,Semarang - sekitar Mijen/Jatisari,Open-Meteo / CAMS Global,model,Open-Meteo Historical Weather
2026-02-20,37.324999999999996,37.80416666666667,297.2916666666667,22.058333333333334,9.674999999999999,51.833333333333336,0.285,0.0,24.583333333333332,86.41666666666667,982.9375,6.5,12.108333333333334,271.8333333333333,Semarang - sekitar Mijen/Jatisari,Open-Meteo / CAMS Global,model,Open-Meteo Historical Weather
2026-02-21,53.75,54.29583333333333,284.6666666666667,28.97083333333333,12.691666666666668,54.083333333333336,0.4604166666666667,0.0,24.90416666666667,81.91666666666667,980.8375,16.0,9.020833333333334,251.91666666666666,Semarang - sekitar Mijen/Jatisari,Open-Meteo / CAMS Global,model,Open-Meteo Historical Weather
2026-02-22,54.37083333333334,54.85833333333333,584.2083333333334,31.8,12.75,56.75,0.57375,0.0,24.662499999999998,90.33333333333333,979.4666666666667,40.8,6.941666666666666,212.66666666666666,Semarang - sekitar Mijen/Jatisari,Open-Meteo / CAMS Global,model,Open-Meteo Historical Weather
2026-02-23,56.71666666666667,57.00416666666666,503.7916666666667,32.74166666666667,14.470833333333333,53.458333333333336,0.34125,0.0,24.15833333333333,89.54166666666667,980.7291666666666,15.8,7.604166666666667,237.75,Semarang - sekitar Mijen/Jatisari,Open-Meteo / CAMS Global,model,Open-Meteo Historical Weather
2026-02-24,76.23333333333333,77.17916666666666,556.0416666666666,38.42916666666667,18.162499999999998,77.58333333333333,0.5604166666666667,0.0,25.458333333333332,79.29166666666667,981.3249999999999,1.2000000000000002,5.120833333333334,217.95833333333334,Semarang - sekitar Mijen/Jatisari,Open-Meteo / CAMS Global,model,Open-Meteo Historical Weather
2026-02-25,63.21666666666667,64.22083333333333,429.5833333333333,33.975,16.349999999999998,49.458333333333336,0.46208333333333335,0.0,25.0125,86.41666666666667,981.4333333333334,5.8,5.491666666666667,204.41666666666666,Semarang - sekitar Mijen/Jatisari,Open-Meteo / CAMS Global,model,Open-Meteo Historical Weather
2026-02-26,61.7875,62.975,314.375,34.38333333333333,14.745833333333332,44.708333333333336,0.36916666666666664,0.0,25.087500000000002,83.83333333333333,980.3208333333333,6.2,7.854166666666667,190.54166666666666,Semarang - sekitar Mijen/Jatisari,Open-Meteo / CAMS Global,model,Open-Meteo Historical Weather
2026-02-27,56.24166666666667,57.520833333333336,314.375,30.587500000000002,12.733333333333334,49.0,0.315,0.0,24.866666666666664,83.75,979.6125000000001,10.3,9.195833333333333,195.58333333333334,Semarang - sekitar Mijen/Jatisari,Open-Meteo / CAMS Global,model,Open-Meteo Historical Weather
2026-02-28,59.92083333333334,61.59166666666667,402.9583333333333,30.1875,14.454166666666666,54.291666666666664,0.38875,0.8333333333333334,24.849999999999998,86.66666666666667,979.9583333333334,3.7,9.933333333333334,231.125,Semarang - sekitar Mijen/Jatisari,Open-Meteo / CAMS Global,model,Open-Meteo Historical Weather
2026-03-01,88.18333333333334,89.94583333333333,393.6666666666667,51.583333333333336,21.395833333333332,43.541666666666664,0.5791666666666667,1.125,25.491666666666664,83.125,980.5,2.1,6.708333333333333,223.5,Semarang - sekitar Mijen/Jatisari,Open-Meteo / CAMS Global,model,Open-Meteo Historical Weather
2026-03-02,84.34583333333333,85.47083333333335,510.75,39.987500000000004,17.666666666666668,52.916666666666664,0.69125,0.9583333333333334,25.125,87.91666666666667,981.2333333333332,20.0,7.016666666666667,255.375,Semarang - sekitar Mijen/Jatisari,Open-Meteo / CAMS Global,model,Open-Meteo Historical Weather
2026-03-03,53.708333333333336,54.59166666666667,346.3333333333333,29.616666666666664,14.862499999999999,50.833333333333336,0.3541666666666667,0.0,25.191666666666666,86.08333333333333,981.3625000000001,17.5,9.65,268.5833333333333,Semarang - sekitar Mijen/Jatisari,Open-Meteo / CAMS Global,model,Open-Meteo Historical Weather
2026-03-04,44.862500000000004,45.6,298.2083333333333,25.825,12.9,51.541666666666664,0.36916666666666664,0.25,24.96666666666667,86.95833333333333,980.7791666666667,6.7,11.5875,278.6666666666667,Semarang - sekitar Mijen/Jatisari,Open-Meteo / CAMS Global,model,Open-Meteo Historical Weather
2026-03-05,45.145833333333336,45.541666666666664,353.0833333333333,22.8875,13.645833333333334,60.083333333333336,0.3958333333333333,0.0,24.525000000000002,87.75,980.0958333333333,12.5,7.195833333333333,214.875,Semarang - sekitar Mijen/Jatisari,Open-Meteo / CAMS Global,model,Open-Meteo Historical Weather
2026-03-06,44.425000000000004,44.99166666666667,389.2083333333333,24.71666666666667,11.65,48.083333333333336,0.37666666666666665,0.0,24.587500000000002,88.20833333333333,979.9,21.4,10.2125,231.33333333333334,Semarang - sekitar Mijen/Jatisari,Open-Meteo / CAMS Global,model,Open-Meteo Historical Weather
2026-03-07,54.958333333333336,55.75416666666666,350.375,30.558333333333334,12.141666666666666,47.083333333333336,0.4070833333333333,0.0,24.304166666666664,86.54166666666667,980.8708333333334,21.7,12.283333333333333,245.83333333333334,Semarang - sekitar Mijen/Jatisari,Open-Meteo / CAMS Global,model,Open-Meteo Historical Weather
2026-03-08,33.15416666666667,33.37083333333333,319.7083333333333,17.808333333333334,12.883333333333333,80.20833333333333,0.30375,0.0,24.27916666666667,85.79166666666667,982.5041666666666,8.4,12.129166666666668,269.625,Semarang - sekitar Mijen/Jatisari,Open-Meteo / CAMS Global,model,Open-Meteo Historical Weather
2026-03-09,80.675,81.5625,609.75,34.56666666666667,15.866666666666667,73.375,0.67625,0.0,25.508333333333336,79.41666666666667,982.9,5.199999999999999,9.191666666666666,222.0,Semarang - sekitar Mijen/Jatisari,Open-Meteo / CAMS Global,model,Open-Meteo Historical Weather
2026-03-10,83.2,83.95416666666667,511.0416666666667,40.03333333333333,18.133333333333333,80.0,0.605,0.0,25.0125,84.83333333333333,983.2833333333333,11.8,7.825,221.33333333333334,Semarang - sekitar Mijen/Jatisari,Open-Meteo / CAMS Global,model,Open-Meteo Historical Weather
2026-03-11,81.39166666666667,84.19583333333334,302.5833333333333,36.09166666666667,16.608333333333334,77.375,0.4708333333333334,0.0,25.179166666666664,81.33333333333333,982.3166666666666,10.8,7.845833333333332,220.70833333333334,Semarang - sekitar Mijen/Jatisari,Open-Meteo / CAMS Global,model,Open-Meteo Historical Weather
2026-03-12,83.46249999999999,85.39999999999999,296.0,34.52916666666667,15.591666666666667,72.83333333333333,0.48833333333333334,0.0,25.09583333333333,82.04166666666667,981.4499999999999,5.4,8.391666666666667,220.375,Semarang - sekitar Mijen/Jatisari,Open-Meteo / CAMS Global,model,Open-Meteo Historical Weather
2026-03-13,81.57083333333334,83.45,352.3333333333333,35.61666666666667,15.258333333333333,74.16666666666667,0.5120833333333333,0.0,24.933333333333334,81.45833333333333,981.4791666666666,10.9,7.7375,217.95833333333334,Semarang - sekitar Mijen/Jatisari,Open-Meteo / CAMS Global,model,Open-Meteo Historical Weather
2026-03-14,84.03750000000001,86.04583333333333,595.25,37.09166666666667,16.966666666666665,67.91666666666667,0.6816666666666666,0.0,25.099999999999998,82.83333333333333,982.6041666666666,6.8999999999999995,7.2124999999999995,221.54166666666666,Semarang - sekitar Mijen/Jatisari,Open-Meteo / CAMS Global,model,Open-Meteo Historical Weather
2026-03-15,59.13333333333333,59.395833333333336,509.5833333333333,25.041666666666668,15.383333333333333,86.08333333333333,0.5808333333333333,0.0,25.46666666666667,80.83333333333333,983.275,4.4,7.741666666666667,227.04166666666666,Semarang - sekitar Mijen/Jatisari,Open-Meteo / CAMS Global,model,Open-Meteo Historical Weather
2026-03-16,55.104166666666664,55.61666666666667,539.75,34.079166666666666,17.008333333333333,66.58333333333333,0.5491666666666667,0.0,25.275000000000002,84.16666666666667,982.8166666666666,17.2,6.470833333333334,213.45833333333334,Semarang - sekitar Mijen/Jatisari,Open-Meteo / CAMS Global,model,Open-Meteo Historical Weather
2026-03-17,64.49583333333334,65.57083333333334,601.6666666666666,39.75416666666667,18.845833333333335,59.416666666666664,0.5645833333333333,0.0,25.400000000000002,85.75,983.125,7.7,5.75,209.08333333333334,Semarang - sekitar Mijen/Jatisari,Open-Meteo / CAMS Global,model,Open-Meteo Historical Weather
2026-03-18,71.60833333333333,73.46249999999999,489.5833333333333,35.43333333333333,15.241666666666667,63.041666666666664,0.45625000000000004,0.0,25.954166666666666,82.0,983.3958333333334,2.5,7.470833333333334,223.33333333333334,Semarang - sekitar Mijen/Jatisari,Open-Meteo / CAMS Global,model,Open-Meteo Historical Weather
2026-03-19,55.262499999999996,55.87916666666666,464.625,30.433333333333334,13.541666666666666,55.75,0.43416666666666665,0.0,25.474999999999998,82.0,982.7624999999999,34.1,6.879166666666666,200.0,Semarang - sekitar Mijen/Jatisari,Open-Meteo / CAMS Global,model,Open-Meteo Historical Weather
2026-03-20,66.06666666666666,66.78750000000001,558.2916666666666,30.833333333333332,13.091666666666667,53.5,0.4879166666666667,0.0,25.5,85.33333333333333,982.625,8.1,6.108333333333333,165.04166666666666,Semarang - sekitar Mijen/Jatisari,Open-Meteo / CAMS Global,model,Open-Meteo Historical Weather
2026-03-21,62.57083333333333,63.833333333333336,587.375,36.108333333333334,15.799999999999999,52.416666666666664,0.38625,0.0,25.145833333333332,87.41666666666667,982.7208333333333,6.9,5.541666666666667,197.75,Semarang - sekitar Mijen/Jatisari,Open-Meteo / CAMS Global,model,Open-Meteo Historical Weather
2026-03-22,73.97083333333333,76.53750000000001,641.375,38.88333333333333,16.825,61.333333333333336,0.53875,0.0,25.025000000000002,90.125,982.6416666666668,15.200000000000001,4.304166666666666,156.04166666666666,Semarang - sekitar Mijen/Jatisari,Open-Meteo / CAMS Global,model,Open-Meteo Historical Weather
2026-03-23,82.79166666666667,84.47916666666667,427.9166666666667,34.333333333333336,19.025000000000002,84.83333333333333,0.48833333333333334,0.0,25.40416666666667,82.08333333333333,981.6374999999999,2.0,7.1000000000000005,206.66666666666666,Semarang - sekitar Mijen/Jatisari,Open-Meteo / CAMS Global,model,Open-Meteo Historical Weather
2026-03-24,85.45,86.12916666666666,525.9583333333334,34.083333333333336,17.974999999999998,81.375,0.8475,0.0,24.454166666666666,90.25,980.8416666666667,14.1,6.216666666666666,220.29166666666666,Semarang - sekitar Mijen/Jatisari,Open-Meteo / CAMS Global,model,Open-Meteo Historical Weather
2026-03-25,63.61666666666667,64.02916666666667,450.0416666666667,32.954166666666666,15.670833333333334,62.5,0.63375,0.0,24.84583333333333,87.83333333333333,980.6999999999999,4.7,5.891666666666667,228.875,Semarang - sekitar Mijen/Jatisari,Open-Meteo / CAMS Global,model,Open-Meteo Historical Weather
2026-03-26,45.50833333333333,46.03333333333333,385.5,27.8,11.975,49.166666666666664,0.40875,0.0,23.65416666666667,95.25,981.475,3.7,7.045833333333333,249.70833333333334,Semarang - sekitar Mijen/Jatisari,Open-Meteo / CAMS Global,model,Open-Meteo Historical Weather
2026-03-27,38.824999999999996,39.525,450.5833333333333,25.929166666666664,12.920833333333334,56.916666666666664,0.3958333333333333,0.0,24.849999999999998,88.375,981.6125000000001,4.3,7.3125,238.58333333333334,Semarang - sekitar Mijen/Jatisari,Open-Meteo / CAMS Global,model,Open-Meteo Historical Weather
2026-03-28,48.15416666666667,48.7875,705.4583333333334,30.204166666666666,13.775,52.416666666666664,0.31124999999999997,0.0,25.366666666666664,88.29166666666667,981.7624999999999,11.6,4.870833333333334,193.625,Semarang - sekitar Mijen/Jatisari,Open-Meteo / CAMS Global,model,Open-Meteo Historical Weather
2026-03-29,49.775,50.291666666666664,735.1666666666666,26.97083333333333,13.733333333333334,86.41666666666667,0.54125,0.0,25.7625,86.0,981.7958333333332,19.8,6.341666666666666,122.125,Semarang - sekitar Mijen/Jatisari,Open-Meteo / CAMS Global,model,Open-Meteo Historical Weather
2026-03-30,34.862500000000004,35.46666666666667,748.3333333333334,21.1875,10.583333333333334,58.458333333333336,0.4608333333333334,0.0,25.141666666666666,87.625,982.9708333333333,22.2,4.883333333333334,136.70833333333334,Semarang - sekitar Mijen/Jatisari,Open-Meteo / CAMS Global,model,Open-Meteo Historical Weather
2026-03-31,67.46666666666667,67.96249999999999,642.7916666666666,27.745833333333334,19.20416666666667,74.08333333333333,0.5629166666666666,0.0,25.125,86.91666666666667,983.25,5.7,4.183333333333333,133.58333333333334,Semarang - sekitar Mijen/Jatisari,Open-Meteo / CAMS Global,model,Open-Meteo Historical Weather
2026-04-01,66.89999999999999,66.9875,565.625,20.829166666666666,19.724999999999998,92.66666666666667,0.525,0.0,26.270833333333332,82.20833333333333,982.8125,0.9,7.054166666666667,134.41666666666666,Semarang - sekitar Mijen/Jatisari,Open-Meteo / CAMS Global,model,Open-Meteo Historical Weather
2026-04-02,80.85416666666667,81.11666666666666,810.1666666666666,35.96666666666667,20.3125,84.41666666666667,0.76125,0.0,25.3,87.875,983.6125000000001,23.700000000000003,4.004166666666666,140.25,Semarang - sekitar Mijen/Jatisari,Open-Meteo / CAMS Global,model,Open-Meteo Historical Weather
2026-04-03,79.3125,79.78750000000001,689.2916666666666,35.1625,15.533333333333333,75.45833333333333,0.8250000000000001,0.0,25.962500000000002,85.5,982.8708333333334,5.2,5.958333333333333,114.375,Semarang - sekitar Mijen/Jatisari,Open-Meteo / CAMS Global,model,Open-Meteo Historical Weather
2026-04-04,51.86666666666667,52.32916666666667,509.3333333333333,27.5125,13.4125,62.833333333333336,0.36333333333333334,0.0,25.8,85.125,981.8041666666667,14.299999999999999,7.766666666666667,127.29166666666667,Semarang - sekitar Mijen/Jatisari,Open-Meteo / CAMS Global,model,Open-Meteo Historical Weather
2026-04-05,66.03333333333333,66.62083333333334,542.375,35.395833333333336,16.141666666666666,67.41666666666667,0.3620833333333333,0.0,26.729166666666668,76.91666666666667,981.9499999999999,0.9,7.0625,124.54166666666667,Semarang - sekitar Mijen/Jatisari,Open-Meteo / CAMS Global,model,Open-Meteo Historical Weather
2026-04-06,72.55833333333334,72.79166666666667,704.9583333333334,32.84166666666667,18.541666666666668,92.375,0.7295833333333334,0.0,25.808333333333334,82.83333333333333,983.1416666666668,3.8,4.616666666666666,169.08333333333334,Semarang - sekitar Mijen/Jatisari,Open-Meteo / CAMS Global,model,Open-Meteo Historical Weather
2026-04-07,78.09583333333333,78.2,750.0416666666666,36.19583333333333,22.599999999999998,86.875,0.5929166666666666,0.0,26.1125,82.0,983.1958333333333,2.4000000000000004,4.595833333333333,195.58333333333334,Semarang - sekitar Mijen/Jatisari,Open-Meteo / CAMS Global,model,Open-Meteo Historical Weather
2026-04-08,59.23333333333333,59.65833333333333,438.125,25.162499999999998,22.7375,75.0,0.5516666666666666,0.0,25.708333333333332,86.58333333333333,983.75,10.8,5.095833333333333,214.41666666666666,Semarang - sekitar Mijen/Jatisari,Open-Meteo / CAMS Global,model,Open-Meteo Historical Weather
2026-04-09,48.112500000000004,48.7125,441.75,27.491666666666664,13.966666666666667,62.75,0.4216666666666667,0.0,25.59166666666667,86.25,984.0083333333333,9.9,6.0874999999999995,207.04166666666666,Semarang - sekitar Mijen/Jatisari,Open-Meteo / CAMS Global,model,Open-Meteo Historical Weather
2026-04-10,56.43333333333334,57.0,665.625,34.50416666666667,14.491666666666667,55.291666666666664,0.3345833333333333,0.0,25.616666666666664,85.33333333333333,984.1416666666668,19.7,5.033333333333333,134.625,Semarang - sekitar Mijen/Jatisari,Open-Meteo / CAMS Global,model,Open-Meteo Historical Weather
2026-04-11,62.92083333333333,63.51666666666667,740.5416666666666,35.52916666666666,13.254166666666668,54.833333333333336,0.4870833333333333,0.0,25.59166666666667,86.20833333333333,983.7541666666666,10.3,4.433333333333334,152.20833333333334,Semarang - sekitar Mijen/Jatisari,Open-Meteo / CAMS Global,model,Open-Meteo Historical Weather
2026-04-12,47.24583333333334,47.487500000000004,534.0,26.724999999999998,10.1,42.875,0.35375,0.0,24.77916666666667,89.54166666666667,983.35,17.3,6.233333333333333,153.20833333333334,Semarang - sekitar Mijen/Jatisari,Open-Meteo / CAMS Global,model,Open-Meteo Historical Weather
2026-04-13,42.079166666666666,42.90416666666667,524.125,21.75,13.075000000000001,71.16666666666667,0.27125,0.0,26.587500000000002,78.83333333333333,983.2666666666668,0.0,7.3374999999999995,110.08333333333333,Semarang - sekitar Mijen/Jatisari,Open-Meteo / CAMS Global,model,Open-Meteo Historical Weather
2026-04-14,37.37083333333333,38.27916666666667,515.1666666666666,17.645833333333332,13.916666666666666,89.95833333333333,0.40458333333333335,0.0,26.458333333333332,79.95833333333333,982.875,15.299999999999999,8.354166666666666,122.04166666666667,Semarang - sekitar Mijen/Jatisari,Open-Meteo / CAMS Global,model,Open-Meteo Historical Weather
2026-04-15,56.90833333333333,57.6625,569.5833333333334,30.616666666666664,16.0125,79.5,0.4779166666666667,0.0,26.34583333333333,79.75,982.2375000000001,10.1,8.129166666666666,139.125,Semarang - sekitar Mijen/Jatisari,Open-Meteo / CAMS Global,model,Open-Meteo Historical Weather
2026-04-16,80.66250000000001,81.32916666666667,557.3333333333334,35.104166666666664,17.495833333333334,72.33333333333333,0.5408333333333334,0.0,26.90416666666667,76.83333333333333,982.2416666666667,0.6000000000000001,7.5,120.83333333333333,Semarang - sekitar Mijen/Jatisari,Open-Meteo / CAMS Global,model,Open-Meteo Historical Weather
2026-04-17,59.94166666666666,60.166666666666664,545.4166666666666,25.416666666666668,18.412499999999998,94.54166666666667,0.5741666666666667,0.0,26.729166666666668,80.5,982.3125,2.8000000000000003,8.270833333333334,130.20833333333334,Semarang - sekitar Mijen/Jatisari,Open-Meteo / CAMS Global,model,Open-Meteo Historical Weather
2026-04-18,87.3125,88.67916666666667,529.4583333333334,34.225,20.054166666666667,91.79166666666667,0.8020833333333334,0.0,26.53333333333333,81.33333333333333,982.1791666666667,2.8,6.595833333333334,140.625,Semarang - sekitar Mijen/Jatisari,Open-Meteo / CAMS Global,model,Open-Meteo Historical Weather
2026-04-19,74.79583333333333,76.77083333333333,643.8333333333334,33.3125,20.783333333333335,76.95833333333333,0.745,0.0,26.27916666666667,81.20833333333333,982.3625000000001,1.9,5.95,147.08333333333334,Semarang - sekitar Mijen/Jatisari,Open-Meteo / CAMS Global,model,Open-Meteo Historical Weather
2026-04-20,66.6125,69.94166666666666,596.875,34.5375,15.754166666666668,67.625,0.5104166666666666,0.0,26.333333333333332,81.83333333333333,981.9833333333332,1.8,6.2625,128.58333333333334,Semarang - sekitar Mijen/Jatisari,Open-Meteo / CAMS Global,model,Open-Meteo Historical Weather
2026-04-21,65.15416666666667,67.42916666666666,709.2083333333334,33.333333333333336,10.045833333333333,48.958333333333336,0.5016666666666666,0.0,26.445833333333336,83.70833333333333,981.25,28.0,5.470833333333334,139.33333333333334,Semarang - sekitar Mijen/Jatisari,Open-Meteo / CAMS Global,model,Open-Meteo Historical Weather
2026-04-22,45.61666666666667,46.3125,622.0,33.35,20.841666666666665,56.458333333333336,0.5120833333333333,0.0,24.245833333333334,95.58333333333333,981.9,20.9,4.316666666666666,223.16666666666666,Semarang - sekitar Mijen/Jatisari,Open-Meteo / CAMS Global,model,Open-Meteo Historical Weather
2026-04-23,61.729166666666664,62.07083333333333,582.9583333333334,29.645833333333332,28.954166666666666,74.91666666666667,0.3441666666666667,0.0,26.133333333333336,83.54166666666667,981.4208333333332,1.8,6.25,104.75,Semarang - sekitar Mijen/Jatisari,Open-Meteo / CAMS Global,model,Open-Meteo Historical Weather
2026-04-24,51.34166666666667,51.574999999999996,430.2083333333333,23.53333333333333,16.966666666666665,70.625,0.20583333333333334,0.0,26.858333333333334,82.16666666666667,981.4166666666666,4.2,8.454166666666667,112.5,Semarang - sekitar Mijen/Jatisari,Open-Meteo / CAMS Global,model,Open-Meteo Historical Weather
2026-04-25,58.0625,58.44166666666666,449.9583333333333,24.7625,15.920833333333334,71.16666666666667,0.2754166666666667,0.0,27.5125,77.0,982.3291666666668,0.8,9.141666666666667,116.08333333333333,Semarang - sekitar Mijen/Jatisari,Open-Meteo / CAMS Global,model,Open-Meteo Historical Weather
2026-04-26,52.73333333333333,53.5,444.2916666666667,24.925,14.729166666666666,64.83333333333333,0.35125,0.0,27.166666666666668,79.20833333333333,981.9625,3.4,6.875,127.58333333333333,Semarang - sekitar Mijen/Jatisari,Open-Meteo / CAMS Global,model,Open-Meteo Historical Weather
2026-04-27,50.520833333333336,51.975,638.125,28.433333333333334,11.924999999999999,57.958333333333336,0.35708333333333336,0.0,26.291666666666668,84.25,981.6750000000001,12.5,4.716666666666667,183.08333333333334,Semarang - sekitar Mijen/Jatisari,Open-Meteo / CAMS Global,model,Open-Meteo Historical Weather
2026-04-28,57.487500000000004,58.63333333333333,688.5,29.954166666666666,15.616666666666667,66.625,0.3833333333333333,0.0,26.05,84.58333333333333,981.5875,3.9,4.670833333333333,139.95833333333334,Semarang - sekitar Mijen/Jatisari,Open-Meteo / CAMS Global,model,Open-Meteo Historical Weather
2026-04-29,47.89166666666667,48.14166666666667,569.0416666666666,24.858333333333334,14.595833333333333,76.0,0.2404166666666667,0.0,26.71666666666667,83.5,981.7624999999999,3.1,7.2749999999999995,127.625,Semarang - sekitar Mijen/Jatisari,Open-Meteo / CAMS Global,model,Open-Meteo Historical Weather
2026-04-30,70.75416666666668,71.20833333333333,677.0833333333334,33.42916666666667,18.337500000000002,74.29166666666667,0.4625000000000001,0.0,25.666666666666668,89.29166666666667,982.8791666666666,24.3,4.545833333333333,142.83333333333334,Semarang - sekitar Mijen/Jatisari,Open-Meteo / CAMS Global,model,Open-Meteo Historical Weather
2026-05-01,48.70416666666667,49.87916666666666,613.125,30.195833333333336,12.404166666666667,41.166666666666664,0.26125,0.0,26.295833333333334,85.79166666666667,982.5875000000001,3.6,5.933333333333334,160.625,Semarang - sekitar Mijen/Jatisari,Open-Meteo / CAMS Global,model,Open-Meteo Historical Weather
2026-05-02,47.2875,47.62916666666666,551.2083333333334,26.71666666666667,13.591666666666667,61.416666666666664,0.3545833333333333,0.0,25.829166666666666,85.08333333333333,981.5749999999999,11.3,6.245833333333334,121.58333333333333,Semarang - sekitar Mijen/Jatisari,Open-Meteo / CAMS Global,model,Open-Meteo Historical Weather
2026-05-03,54.03333333333333,54.9,619.25,27.508333333333336,14.512500000000001,70.20833333333333,0.44708333333333333,0.0,25.974999999999998,84.54166666666667,982.0749999999999,8.500000000000002,5.979166666666667,118.33333333333333,Semarang - sekitar Mijen/Jatisari,Open-Meteo / CAMS Global,model,Open-Meteo Historical Weather
2026-05-04,79.38333333333334,79.60000000000001,644.375,31.708333333333332,17.941666666666666,80.95833333333333,0.5958333333333333,0.0,25.7,87.20833333333333,982.7083333333334,8.1,5.370833333333334,150.45833333333334,Semarang - sekitar Mijen/Jatisari,Open-Meteo / CAMS Global,model,Open-Meteo Historical Weather
2026-05-05,81.5625,81.89999999999999,761.9583333333334,26.354166666666668,17.208333333333332,90.08333333333333,0.7045833333333333,0.0,26.233333333333334,83.54166666666667,982.1458333333334,2.8,5.320833333333334,136.54166666666666,Semarang - sekitar Mijen/Jatisari,Open-Meteo / CAMS Global,model,Open-Meteo Historical Weather
2026-05-06,69.35416666666667,70.15416666666667,604.9583333333334,23.854166666666668,11.416666666666666,94.66666666666667,0.6420833333333333,0.0,26.883333333333336,79.33333333333333,981.4958333333334,0.0,6.9750000000000005,117.04166666666667,Semarang - sekitar Mijen/Jatisari,Open-Meteo / CAMS Global,model,Open-Meteo Historical Weather
2026-05-07,59.5375,60.9625,489.8333333333333,31.816666666666666,11.6,55.541666666666664,0.2866666666666667,0.0,26.9875,71.29166666666667,981.5166666666668,0.0,8.395833333333334,126.58333333333333,Semarang - sekitar Mijen/Jatisari,Open-Meteo / CAMS Global,model,Open-Meteo Historical Weather
2026-05-08,45.02916666666667,46.90416666666667,538.5833333333334,27.8875,9.716666666666667,48.958333333333336,0.31875000000000003,0.0,27.183333333333334,75.20833333333333,981.1166666666667,1.6,6.925,152.79166666666666,Semarang - sekitar Mijen/Jatisari,Open-Meteo / CAMS Global,model,Open-Meteo Historical Weather
2026-05-09,74.03750000000001,75.72916666666667,606.5416666666666,26.3125,16.604166666666668,91.66666666666667,0.6983333333333334,0.0,26.525000000000002,81.16666666666667,981.8625000000001,1.5,5.5125,132.125,Semarang - sekitar Mijen/Jatisari,Open-Meteo / CAMS Global,model,Open-Meteo Historical Weather
2026-05-10,51.80416666666667,53.862500000000004,559.7083333333334,27.141666666666666,11.029166666666667,60.041666666666664,0.5833333333333334,0.0,26.8,80.33333333333333,981.8291666666668,0.9,6.7749999999999995,143.70833333333334,Semarang - sekitar Mijen/Jatisari,Open-Meteo / CAMS Global,model,Open-Meteo Historical Weather
2026-05-11,64.54583333333333,65.625,633.4583333333334,29.6875,14.15,71.125,0.3754166666666667,0.0,27.429166666666664,77.83333333333333,982.1041666666666,0.4,7.108333333333333,126.5,Semarang - sekitar Mijen/Jatisari,Open-Meteo / CAMS Global,model,Open-Meteo Historical Weather
2026-05-12,63.291666666666664,64.27083333333333,612.875,29.75,13.583333333333334,78.66666666666667,0.3,0.0,27.391666666666666,74.5,981.6208333333334,0.0,6.370833333333334,118.25,Semarang - sekitar Mijen/Jatisari,Open-Meteo / CAMS Global,model,Open-Meteo Historical Weather
2026-05-13,49.9125,51.270833333333336,682.125,26.420833333333334,13.416666666666666,82.83333333333333,0.33166666666666667,0.0,27.2375,78.45833333333333,980.9375,1.6,6.604166666666667,144.45833333333334,Semarang - sekitar Mijen/Jatisari,Open-Meteo / CAMS Global,model,Open-Meteo Historical Weather
2026-05-14,58.09583333333333,60.02916666666667,767.7916666666666,25.958333333333332,12.891666666666666,79.91666666666667,0.40375,0.0,26.604166666666668,87.375,980.8791666666666,10.2,5.179166666666666,157.08333333333334,Semarang - sekitar Mijen/Jatisari,Open-Meteo / CAMS Global,model,Open-Meteo Historical Weather
2026-05-15,65.16666666666667,66.74583333333334,677.9583333333334,31.325,17.204166666666666,80.91666666666667,0.5695833333333333,0.0,26.254166666666666,87.79166666666667,981.0500000000001,14.8,5.483333333333333,175.54166666666666,Semarang - sekitar Mijen/Jatisari,Open-Meteo / CAMS Global,model,Open-Meteo Historical Weather
2026-05-16,63.4625,64.92916666666666,695.2916666666666,28.191666666666666,14.395833333333334,75.41666666666667,0.715,0.0,25.8,92.58333333333333,981.5541666666667,16.3,3.5541666666666667,150.58333333333334,Semarang - sekitar Mijen/Jatisari,Open-Meteo / CAMS Global,model,Open-Meteo Historical Weather
2026-05-17,39.725,41.579166666666666,483.7916666666667,20.229166666666668,9.495833333333334,51.958333333333336,0.3154166666666667,0.0,26.045833333333334,84.95833333333333,981.5333333333333,5.6,7.804166666666667,204.58333333333334,Semarang - sekitar Mijen/Jatisari,Open-Meteo / CAMS Global,model,Open-Meteo Historical Weather
2026-05-18,53.94166666666666,55.73333333333333,537.2083333333334,26.916666666666668,13.012500000000001,61.666666666666664,0.34708333333333335,0.0,26.304166666666664,80.29166666666667,981.5333333333333,2.6,6.3374999999999995,140.29166666666666,Semarang - sekitar Mijen/Jatisari,Open-Meteo / CAMS Global,model,Open-Meteo Historical Weather
2026-05-19,85.52083333333333,87.08749999999999,742.1666666666666,38.74583333333333,28.849999999999998,66.0,0.6370833333333333,0.0,26.079166666666666,84.33333333333333,981.7083333333334,1.6,5.341666666666666,176.20833333333334,Semarang - sekitar Mijen/Jatisari,Open-Meteo / CAMS Global,model,Open-Meteo Historical Weather
2026-05-20,89.66250000000001,90.09583333333335,680.25,35.479166666666664,35.67916666666667,74.70833333333333,0.5291666666666667,0.0,26.183333333333334,86.0,981.7958333333332,6.8999999999999995,4.9625,142.83333333333334,Semarang - sekitar Mijen/Jatisari,Open-Meteo / CAMS Global,model,Open-Meteo Historical Weather
2026-05-21,91.21666666666665,91.4875,577.3333333333334,31.529166666666665,20.270833333333332,71.16666666666667,0.5579166666666667,0.0,26.625,86.20833333333333,982.8458333333333,6.0,7.1875,116.91666666666667,Semarang - sekitar Mijen/Jatisari,Open-Meteo / CAMS Global,model,Open-Meteo Historical Weather
2026-05-22,50.74166666666667,50.925000000000004,776.5833333333334,27.6125,11.466666666666667,65.83333333333333,0.8458333333333333,0.0,25.59583333333333,92.66666666666667,983.9541666666668,14.1,3.954166666666667,167.29166666666666,Semarang - sekitar Mijen/Jatisari,Open-Meteo / CAMS Global,model,Open-Meteo Historical Weather
2026-05-23,59.5375,60.12916666666666,813.875,30.558333333333334,12.625,60.958333333333336,0.5675,0.0,25.4375,93.95833333333333,984.4291666666667,12.4,3.766666666666667,172.16666666666666,Semarang - sekitar Mijen/Jatisari,Open-Meteo / CAMS Global,model,Open-Meteo Historical Weather
2026-05-24,56.375,58.06666666666666,658.125,23.670833333333334,10.0625,51.791666666666664,0.4979166666666666,0.0,25.666666666666668,89.45833333333333,984.9041666666667,17.2,4.908333333333333,210.0,Semarang - sekitar Mijen/Jatisari,Open-Meteo / CAMS Global,model,Open-Meteo Historical Weather
2026-05-25,51.55416666666667,52.525,571.0,24.625,10.674999999999999,50.916666666666664,0.2708333333333333,0.0,25.21666666666667,91.91666666666667,984.4125,10.1,4.6499999999999995,186.5,Semarang - sekitar Mijen/Jatisari,Open-Meteo / CAMS Global,model,Open-Meteo Historical Weather
2026-05-26,57.57916666666667,59.475,487.5416666666667,26.275000000000002,10.420833333333333,46.708333333333336,0.23958333333333334,0.0,26.316666666666666,78.70833333333333,983.6541666666667,0.6000000000000001,7.320833333333333,166.75,Semarang - sekitar Mijen/Jatisari,Open-Meteo / CAMS Global,model,Open-Meteo Historical Weather
2026-05-27,76.67083333333333,77.33333333333333,593.9583333333334,34.0875,22.150000000000002,71.66666666666667,0.5079166666666667,0.0,25.420833333333334,81.83333333333333,984.5500000000001,2.8,5.816666666666666,203.75,Semarang - sekitar Mijen/Jatisari,Open-Meteo / CAMS Global,model,Open-Meteo Historical Weather
2026-05-28,69.12083333333334,70.85833333333333,687.4166666666666,35.06666666666667,14.445833333333333,55.041666666666664,0.62125,0.0,25.829166666666666,83.41666666666667,984.4583333333334,3.8,5.7749999999999995,159.41666666666666,Semarang - sekitar Mijen/Jatisari,Open-Meteo / CAMS Global,model,Open-Meteo Historical Weather
2026-05-29,52.9125,56.75,389.4166666666667,25.945833333333336,11.395833333333334,55.041666666666664,0.38666666666666666,0.0,25.775000000000002,79.875,983.8041666666667,2.5,8.408333333333333,146.04166666666666,Semarang - sekitar Mijen/Jatisari,Open-Meteo / CAMS Global,model,Open-Meteo Historical Weather
2026-05-30,58.525,61.6,420.875,27.670833333333334,11.65,55.5,0.4454166666666666,0.0,25.3,80.91666666666667,983.7791666666667,2.3,7.2250000000000005,169.41666666666666,Semarang - sekitar Mijen/Jatisari,Open-Meteo / CAMS Global,model,Open-Meteo Historical Weather
2026-05-31,45.449999999999996,47.729166666666664,411.625,20.529166666666665,7.720833333333334,53.791666666666664,0.3566666666666667,0.0,25.8,76.75,983.5666666666666,0.6,7.754166666666666,141.5,Semarang - sekitar Mijen/Jatisari,Open-Meteo / CAMS Global,model,Open-Meteo Historical Weather
2026-06-01,50.55416666666667,53.85833333333333,425.625,23.754166666666666,10.166666666666666,61.583333333333336,0.3725,0.0,26.420833333333334,76.0,984.3625000000001,0.6,7.858333333333333,125.5,Semarang - sekitar Mijen/Jatisari,Open-Meteo / CAMS Global,model,Open-Meteo Historical Weather
2026-06-02,51.175000000000004,54.583333333333336,382.8333333333333,27.037499999999998,10.941666666666668,58.291666666666664,0.4183333333333333,0.0,26.6125,73.0,983.775,0.6,7.895833333333333,161.33333333333334,Semarang - sekitar Mijen/Jatisari,Open-Meteo / CAMS Global,model,Open-Meteo Historical Weather
2026-06-03,77.21249999999999,82.49583333333334,583.1666666666666,35.7125,17.883333333333333,70.875,0.6154166666666666,0.0,26.5125,78.58333333333333,983.275,3.2,6.116666666666667,124.70833333333333,Semarang - sekitar Mijen/Jatisari,Open-Meteo / CAMS Global,model,Open-Meteo Historical Weather
2026-06-04,94.24583333333334,99.32916666666667,654.7083333333334,39.30416666666667,18.529166666666665,69.125,0.6491666666666667,0.0,26.866666666666664,80.45833333333333,983.7624999999999,0.8,6.616666666666667,123.33333333333333,Semarang - sekitar Mijen/Jatisari,Open-Meteo / CAMS Global,model,Open-Meteo Historical Weather
2026-06-05,64.23333333333333,65.55833333333334,408.25,29.145833333333332,14.125,70.91666666666667,0.26208333333333333,0.0,27.208333333333332,75.70833333333333,984.375,0.0,10.358333333333333,124.25,Semarang - sekitar Mijen/Jatisari,Open-Meteo / CAMS Global,model,Open-Meteo Historical Weather
2026-06-06,81.90416666666667,84.2375,485.5,32.18333333333333,14.920833333333334,73.58333333333333,0.3933333333333333,0.0,26.2625,76.625,984.8791666666666,0.0,9.508333333333333,112.58333333333333,Semarang - sekitar Mijen/Jatisari,Open-Meteo / CAMS Global,model,Open-Meteo Historical Weather
2026-06-07,67.11666666666666,70.27499999999999,501.0833333333333,27.78333333333333,10.4,65.08333333333333,0.24041666666666664,0.0,25.5625,70.79166666666667,985.5500000000001,0.0,7.829166666666667,122.25,Semarang - sekitar Mijen/Jatisari,Open-Meteo / CAMS Global,model,Open-Meteo Historical Weather
2026-06-08,56.00416666666666,59.17916666666667,340.7083333333333,28.429166666666664,9.070833333333333,56.5,0.22833333333333336,0.0,25.833333333333332,71.70833333333333,985.1125000000001,0.1,8.137500000000001,157.91666666666666,Semarang - sekitar Mijen/Jatisari,Open-Meteo / CAMS Global,model,Open-Meteo Historical Weather
2026-06-09,67.2375,70.40833333333333,477.125,34.083333333333336,10.525,63.375,0.285,0.0,25.84166666666667,73.33333333333333,984.4333333333334,0.5,6.979166666666667,149.79166666666666,Semarang - sekitar Mijen/Jatisari,Open-Meteo / CAMS Global,model,Open-Meteo Historical Weather
2026-06-10,76.15416666666667,78.90416666666667,606.1666666666666,36.083333333333336,18.929166666666667,79.95833333333333,0.455,0.0,25.8,75.125,985.5791666666668,0.1,6.154166666666666,111.0,Semarang - sekitar Mijen/Jatisari,Open-Meteo / CAMS Global,model,Open-Meteo Historical Weather
2026-06-11,77.04166666666667,81.34166666666667,729.7916666666666,36.0375,17.179166666666667,83.125,0.3979166666666667,0.0,25.925,75.5,986.0458333333332,0.1,5.683333333333334,124.625,Semarang - sekitar Mijen/Jatisari,Open-Meteo / CAMS Global,model,Open-Meteo Historical Weather
2026-06-12,76.68333333333334,78.21249999999999,731.1666666666666,33.40833333333333,12.85,60.583333333333336,0.3020833333333333,0.0,25.954166666666666,80.5,986.9416666666666,5.0,6.991666666666667,118.41666666666667,Semarang - sekitar Mijen/Jatisari,Open-Meteo / CAMS Global,model,Open-Meteo Historical Weather
2026-06-13,71.6875,72.45833333333333,620.9583333333334,29.8875,12.595833333333333,67.125,0.3,0.0,25.825,83.66666666666667,985.6208333333334,3.5,6.720833333333334,130.41666666666666,Semarang - sekitar Mijen/Jatisari,Open-Meteo / CAMS Global,model,Open-Meteo Historical Weather
2026-06-14,80.2375,81.95,581.375,32.12083333333333,17.145833333333332,62.125,0.385,0.0,26.504166666666666,80.5,984.3125,0.2,5.958333333333333,120.66666666666667,Semarang - sekitar Mijen/Jatisari,Open-Meteo / CAMS Global,model,Open-Meteo Historical Weather
2026-06-15,76.95416666666667,79.7,509.6666666666667,29.770833333333332,12.954166666666666,57.5,0.37333333333333335,0.125,26.608333333333334,77.5,984.2958333333332,0.8,5.441666666666666,150.25,Semarang - sekitar Mijen/Jatisari,Open-Meteo / CAMS Global,model,Open-Meteo Historical Weather
2026-06-16,61.07916666666667,65.0,605.0,29.1875,16.0125,69.95833333333333,0.3283333333333333,0.0,26.133333333333336,75.125,984.875,0.0,7.458333333333333,126.08333333333333,Semarang - sekitar Mijen/Jatisari,Open-Meteo / CAMS Global,model,Open-Meteo Historical Weather
2026-06-17,102.6125,106.12916666666666,742.7916666666666,41.204166666666666,25.8875,87.45833333333333,0.5358333333333333,0.0,25.979166666666668,75.0,985.0291666666667,0.0,6.8625,115.04166666666667,Semarang - sekitar Mijen/Jatisari,Open-Meteo / CAMS Global,model,Open-Meteo Historical Weather
2026-06-18,94.72500000000001,97.3625,846.4166666666666,40.074999999999996,21.483333333333334,90.16666666666667,0.64125,0.0,25.991666666666664,78.54166666666667,984.7208333333333,1.2999999999999998,5.516666666666667,125.75,Semarang - sekitar Mijen/Jatisari,Open-Meteo / CAMS Global,model,Open-Meteo Historical Weather
2026-06-19,91.50416666666666,93.50416666666666,864.0833333333334,38.15833333333333,16.0,70.45833333333333,0.5004166666666666,0.0,26.4375,76.91666666666667,984.0083333333333,0.1,6.183333333333334,120.375,Semarang - sekitar Mijen/Jatisari,Open-Meteo / CAMS Global,model,Open-Meteo Historical Weather
2026-06-20,91.34166666666665,94.375,838.8333333333334,38.46666666666667,18.595833333333335,74.54166666666667,0.6466666666666666,0.0,26.133333333333336,81.375,984.4958333333334,1.7,4.970833333333333,142.75,Semarang - sekitar Mijen/Jatisari,Open-Meteo / CAMS Global,model,Open-Meteo Historical Weather
2026-06-21,87.575,90.66250000000001,699.5,32.895833333333336,16.2,68.41666666666667,0.5808333333333333,0.0,26.208333333333332,81.04166666666667,984.4499999999999,2.5,5.9750000000000005,136.20833333333334,Semarang - sekitar Mijen/Jatisari,Open-Meteo / CAMS Global,model,Open-Meteo Historical Weather
2026-06-22,112.9375,114.88333333333333,679.9166666666666,40.87083333333333,20.458333333333332,72.41666666666667,0.9695833333333334,0.0,25.766666666666666,84.625,984.1333333333333,6.8,5.204166666666667,131.91666666666666,Semarang - sekitar Mijen/Jatisari,Open-Meteo / CAMS Global,model,Open-Meteo Historical Weather
2026-06-23,96.66666666666667,98.4875,786.0833333333334,35.44583333333333,25.366666666666664,82.45833333333333,0.8433333333333333,0.0,25.483333333333334,87.25,984.0625,11.6,4.8500000000000005,154.625,Semarang - sekitar Mijen/Jatisari,Open-Meteo / CAMS Global,model,Open-Meteo Historical Weather
2026-06-24,88.35416666666667,90.09166666666665,673.0,35.9625,18.650000000000002,75.91666666666667,0.6254166666666666,0.0,25.90833333333333,84.16666666666667,983.7875,2.8000000000000003,7.620833333333334,128.16666666666666,Semarang - sekitar Mijen/Jatisari,Open-Meteo / CAMS Global,model,Open-Meteo Historical Weather
2026-06-25,113.05,113.96249999999999,590.7916666666666,40.800000000000004,16.183333333333334,74.625,0.41291666666666665,0.0,26.2375,79.45833333333333,984.4666666666667,0.5,6.879166666666666,120.16666666666667,Semarang - sekitar Mijen/Jatisari,Open-Meteo / CAMS Global,model,Open-Meteo Historical Weather
2026-06-26,59.800000000000004,61.270833333333336,574.5,26.270833333333332,12.083333333333334,69.125,0.37375,0.0,26.65416666666667,74.875,983.8083333333334,0.4,7.570833333333333,117.54166666666667,Semarang - sekitar Mijen/Jatisari,Open-Meteo / CAMS Global,model,Open-Meteo Historical Weather
2026-06-27,78.24166666666666,80.4375,397.3333333333333,27.912499999999998,13.858333333333334,72.5,0.4566666666666667,0.0,26.8125,77.54166666666667,983.1916666666666,0.5,9.295833333333333,124.79166666666667,Semarang - sekitar Mijen/Jatisari,Open-Meteo / CAMS Global,model,Open-Meteo Historical Weather
2026-06-28,31.037499999999998,33.81666666666667,274.625,14.237499999999999,6.258333333333333,50.458333333333336,0.26,0.0,26.441666666666666,69.95833333333333,983.0041666666666,0.30000000000000004,10.795833333333334,183.95833333333334,Semarang - sekitar Mijen/Jatisari,Open-Meteo / CAMS Global,model,Open-Meteo Historical Weather
2026-06-29,45.88333333333333,48.229166666666664,330.5416666666667,20.675,6.45,52.208333333333336,0.15916666666666668,0.0,25.837500000000002,68.33333333333333,983.15,0.0,8.700000000000001,146.875,Semarang - sekitar Mijen/Jatisari,Open-Meteo / CAMS Global,model,Open-Meteo Historical Weather
2026-06-30,34.579166666666666,36.612500000000004,309.25,16.470833333333335,6.3875,52.916666666666664,0.12583333333333332,0.0,25.479166666666668,64.41666666666667,983.5041666666666,0.0,10.016666666666667,160.125,Semarang - sekitar Mijen/Jatisari,Open-Meteo / CAMS Global,model,Open-Meteo Historical Weather
2026-07-01,66.96249999999999,69.12083333333334,365.2916666666667,33.1625,12.129166666666668,48.666666666666664,0.26166666666666666,0.0,24.9375,73.33333333333333,983.475,0.7,7.779166666666666,189.91666666666666,Semarang - sekitar Mijen/Jatisari,Open-Meteo / CAMS Global,model,Open-Meteo Historical Weather
2026-07-02,67.64583333333333,68.95,423.25,35.637499999999996,12.991666666666667,50.583333333333336,0.43375,0.0,25.462500000000002,74.33333333333333,983.875,0.30000000000000004,6.233333333333333,144.70833333333334,Semarang - sekitar Mijen/Jatisari,Open-Meteo / CAMS Global,model,Open-Meteo Historical Weather
2026-07-03,76.00416666666666,77.75833333333334,625.5,37.641666666666666,15.883333333333333,68.16666666666667,0.46166666666666667,0.0,25.3625,80.16666666666667,984.9416666666666,1.4,6.566666666666666,138.25,Semarang - sekitar Mijen/Jatisari,Open-Meteo / CAMS Global,model,Open-Meteo Historical Weather
2026-07-04,67.125,68.19166666666666,522.7083333333334,29.920833333333334,17.3,78.79166666666667,0.3725,0.0,25.804166666666664,74.79166666666667,984.9,0.0,8.908333333333333,124.375,Semarang - sekitar Mijen/Jatisari,Open-Meteo / CAMS Global,model,Open-Meteo Historical Weather
2026-07-05,64.825,65.77083333333333,518.625,29.066666666666666,18.070833333333333,74.95833333333333,0.4245833333333333,0.0,26.120833333333334,75.08333333333333,984.875,0.0,8.716666666666667,126.04166666666667,Semarang - sekitar Mijen/Jatisari,Open-Meteo / CAMS Global,model,Open-Meteo Historical Weather
2026-07-06,77.24583333333334,79.65416666666667,727.5416666666666,31.15416666666667,11.204166666666666,55.541666666666664,0.39625,0.0,26.25,78.625,985.15,2.4,5.479166666666667,134.16666666666666,Semarang - sekitar Mijen/Jatisari,Open-Meteo / CAMS Global,model,Open-Meteo Historical Weather
2026-07-07,41.69166666666667,43.96666666666667,352.2916666666667,20.870833333333334,6.420833333333333,43.875,0.18208333333333335,0.0,26.02916666666667,73.0,984.9083333333333,0.5,11.466666666666667,182.83333333333334,Semarang - sekitar Mijen/Jatisari,Open-Meteo / CAMS Global,model,Open-Meteo Historical Weather
2026-07-08,36.69583333333333,38.9625,296.8333333333333,19.241666666666667,6.466666666666666,50.541666666666664,0.13291666666666666,0.0,25.625,64.0,984.9666666666667,0.0,10.516666666666667,172.04166666666666,Semarang - sekitar Mijen/Jatisari,Open-Meteo / CAMS Global,model,Open-Meteo Historical Weather
2026-07-09,51.833333333333336,54.67083333333333,382.75,28.012500000000003,8.691666666666666,50.166666666666664,0.19375,0.0,25.28333333333333,61.666666666666664,985.7208333333333,0.0,9.666666666666666,137.0,Semarang - sekitar Mijen/Jatisari,Open-Meteo / CAMS Global,model,Open-Meteo Historical Weather
2026-07-10,69.19166666666666,72.09583333333333,620.0,33.291666666666664,12.045833333333334,57.875,0.385,0.0,25.183333333333334,67.16666666666667,985.1166666666667,0.0,6.895833333333333,123.5,Semarang - sekitar Mijen/Jatisari,Open-Meteo / CAMS Global,model,Open-Meteo Historical Weather
2026-07-11,87.64583333333333,92.50833333333333,557.4166666666666,34.895833333333336,13.2875,53.041666666666664,0.61,0.0,25.09166666666667,67.45833333333333,984.65,0.0,6.3125,126.70833333333333,Semarang - sekitar Mijen/Jatisari,Open-Meteo / CAMS Global,model,Open-Meteo Historical Weather
2026-07-12,85.22916666666667,87.97083333333335,640.75,28.46666666666667,18.145833333333332,83.83333333333333,0.74125,0.0,24.979166666666668,68.33333333333333,984.0583333333334,0.0,6.754166666666666,135.58333333333334,Semarang - sekitar Mijen/Jatisari,Open-Meteo / CAMS Global,model,Open-Meteo Historical Weather
2026-07-13,73.89999999999999,76.30416666666666,508.9583333333333,30.258333333333336,15.049999999999999,75.91666666666667,0.5366666666666666,0.0,25.45,69.95833333333333,984.2875,0.1,7.9624999999999995,124.125,Semarang - sekitar Mijen/Jatisari,Open-Meteo / CAMS Global,model,Open-Meteo Historical Weather
2026-07-14,88.25416666666666,90.9875,524.375,34.84583333333333,20.520833333333332,89.0,0.5775,0.375,25.72083333333333,69.375,984.7833333333333,0.0,9.262500000000001,119.375,Semarang - sekitar Mijen/Jatisari,Open-Meteo / CAMS Global,model,Open-Meteo Historical Weather
2026-07-15,85.08333333333333,87.1875,499.2916666666667,36.90833333333333,18.858333333333334,78.08333333333333,0.36000000000000004,0.0,25.55,70.66666666666667,985.9208333333332,0.0,9.358333333333333,122.33333333333333,Semarang - sekitar Mijen/Jatisari,Open-Meteo / CAMS Global,model,Open-Meteo Historical Weather
2026-07-16,85.3,87.14999999999999,615.375,35.59583333333333,17.349999999999998,71.625,0.38999999999999996,0.0,25.883333333333336,68.375,985.9875000000001,0.0,7.958333333333333,122.79166666666667,Semarang - sekitar Mijen/Jatisari,Open-Meteo / CAMS Global,model,Open-Meteo Historical Weather
2026-07-17,90.54583333333333,93.175,682.125,40.15833333333333,14.779166666666667,64.625,0.42041666666666666,0.0,25.97083333333333,75.95833333333333,985.0416666666666,1.9000000000000001,5.9125000000000005,139.08333333333334,Semarang - sekitar Mijen/Jatisari,Open-Meteo / CAMS Global,model,Open-Meteo Historical Weather
2026-07-18,71.4375,75.14999999999999,516.4583333333334,31.920833333333334,10.491666666666667,55.666666666666664,0.4058333333333333,0.125,25.59583333333333,78.20833333333333,984.4708333333333,1.1,6.491666666666667,142.25,Semarang - sekitar Mijen/Jatisari,Open-Meteo / CAMS Global,model,Open-Meteo Historical Weather
2026-07-19,44.9,48.57083333333333,409.375,19.1375,5.820833333333333,50.666666666666664,0.3354166666666667,0.375,25.6375,77.04166666666667,984.7333333333332,0.5,6.895833333333333,144.375,Semarang - sekitar Mijen/Jatisari,Open-Meteo / CAMS Global,model,Open-Meteo Historical Weather
2026-07-20,51.25833333333333,53.9,415.0,24.55,7.6375,51.333333333333336,0.27125,0.0,25.508333333333336,75.58333333333333,984.4541666666668,2.3000000000000003,8.370833333333334,148.29166666666666,Semarang - sekitar Mijen/Jatisari,Open-Meteo / CAMS Global,model,Open-Meteo Historical Weather
2026-07-21,47.75833333333333,50.40416666666667,311.0416666666667,19.55,6.220833333333334,46.416666666666664,0.28208333333333335,0.0,25.729166666666668,65.08333333333333,985.275,0.0,11.029166666666667,179.95833333333334,Semarang - sekitar Mijen/Jatisari,Open-Meteo / CAMS Global,model,Open-Meteo Historical Weather
2026-07-22,30.979166666666668,33.07083333333333,244.75,17.724999999999998,6.533333333333334,50.208333333333336,0.15041666666666667,0.0,25.054166666666664,67.54166666666667,985.1416666666668,0.0,19.183333333333334,179.25,Semarang - sekitar Mijen/Jatisari,Open-Meteo / CAMS Global,model,Open-Meteo Historical Weather
2026-07-23,23.6875,26.320833333333336,204.875,13.016666666666666,6.054166666666667,54.458333333333336,0.17208333333333334,0.0,24.554166666666664,66.91666666666667,984.5583333333334,0.0,21.695833333333336,182.375,Semarang - sekitar Mijen/Jatisari,Open-Meteo / CAMS Global,model,Open-Meteo Historical Weather
2026-07-24,23.0,25.875,213.75,13.245833333333332,6.6625000000000005,58.708333333333336,0.1275,0.0,24.741666666666664,63.541666666666664,983.5875,0.0,18.841666666666665,187.16666666666666,Semarang - sekitar Mijen/Jatisari,Open-Meteo / CAMS Global,model,Open-Meteo Historical Weather
2026-07-25,43.60833333333333,45.6625,297.5833333333333,22.162499999999998,7.454166666666667,58.166666666666664,0.13708333333333333,0.0,24.129166666666666,59.458333333333336,983.7083333333334,0.0,12.15,145.04166666666666,Semarang - sekitar Mijen/Jatisari,Open-Meteo / CAMS Global,model,Open-Meteo Historical Weather
2026-07-26,73.42916666666666,76.01666666666667,331.0833333333333,26.616666666666664,9.341666666666667,61.708333333333336,0.22624999999999998,0.0,24.962500000000002,58.958333333333336,983.7458333333334,0.1,8.9,131.41666666666666,Semarang - sekitar Mijen/Jatisari,Open-Meteo / CAMS Global,model,Open-Meteo Historical Weather
2026-07-27,45.11666666666667,47.79583333333333,531.1666666666666,18.654166666666665,11.8125,73.125,0.26916666666666667,0.0,25.462500000000002,67.04166666666667,983.7791666666667,0.0,8.887500000000001,122.75,Semarang - sekitar Mijen/Jatisari,Open-Meteo / CAMS Global,model,Open-Meteo Historical Weather
2026-07-28,74.02916666666667,76.60833333333333,514.7083333333334,36.44166666666667,17.925,59.541666666666664,0.33875000000000005,0.0,25.95,73.0,983.9166666666666,0.2,8.791666666666666,126.41666666666667,Semarang - sekitar Mijen/Jatisari,Open-Meteo / CAMS Global,model,Open-Meteo Historical Weather
2026-07-29,93.8625,97.02083333333333,665.625,40.75,18.804166666666667,73.29166666666667,0.67125,0.0,26.083333333333332,74.25,983.2916666666666,1.7,5.966666666666666,142.79166666666666,Semarang - sekitar Mijen/Jatisari,Open-Meteo / CAMS Global,model,Open-Meteo Historical Weather
2026-07-30,104.08749999999999,108.45416666666667,806.5416666666666,40.9625,16.508333333333333,71.375,0.7504166666666667,0.0,26.058333333333334,81.125,983.3541666666666,4.1,6.0874999999999995,137.41666666666666,Semarang - sekitar Mijen/Jatisari,Open-Meteo / CAMS Global,model,Open-Meteo Historical Weather
2026-07-31,97.62083333333334,103.9875,803.2083333333334,41.262499999999996,13.566666666666668,58.125,0.7370833333333334,0.0,26.09166666666667,83.20833333333333,983.1041666666666,4.0,6.329166666666667,144.125,Semarang - sekitar Mijen/Jatisari,Open-Meteo / CAMS Global,model,Open-Meteo Historical Weather
2026-08-01,64.90416666666667,68.41666666666667,605.6666666666666,30.84583333333333,12.3375,66.58333333333333,0.4870833333333333,0.0,26.09583333333333,75.45833333333333,982.9,0.4,7.2124999999999995,126.66666666666667,Semarang - sekitar Mijen/Jatisari,Open-Meteo / CAMS Global,model,Open-Meteo Historical Weather
2026-08-02,51.612500000000004,54.63333333333333,445.9166666666667,20.775000000000002,12.862499999999999,71.75,0.4604166666666667,0.0,26.541666666666668,73.375,983.2083333333334,0.4,8.908333333333333,108.91666666666667,Semarang - sekitar Mijen/Jatisari,Open-Meteo / CAMS Global,model,Open-Meteo Historical Weather
2026-08-03,58.89166666666667,62.012499999999996,472.625,25.75,14.720833333333333,58.25,0.42250000000000004,0.0,26.308333333333334,78.16666666666667,983.6374999999999,1.3,8.200000000000001,125.33333333333333,Semarang - sekitar Mijen/Jatisari,Open-Meteo / CAMS Global,model,Open-Meteo Historical Weather
2026-08-04,86.75833333333333,90.37916666666666,613.8333333333334,36.96666666666667,18.825,74.54166666666667,0.56625,0.0,25.962500000000002,79.375,983.975,1.1,5.816666666666666,169.58333333333334,Semarang - sekitar Mijen/Jatisari,Open-Meteo / CAMS Global,model,Open-Meteo Historical Weather
2026-08-05,74.40416666666667,76.27083333333333,502.25,33.30833333333333,12.358333333333334,63.583333333333336,0.365,0.0,25.46666666666667,67.25,983.5916666666667,0.0,7.3125,128.08333333333334,Semarang - sekitar Mijen/Jatisari,Open-Meteo / CAMS Global,model,Open-Meteo Historical Weather
2026-08-06,80.20833333333333,82.12916666666666,537.2916666666666,37.762499999999996,19.275000000000002,63.125,0.3720833333333333,0.0,25.90833333333333,74.5,983.9,0.1,8.729166666666666,145.66666666666666,Semarang - sekitar Mijen/Jatisari,Open-Meteo / CAMS Global,model,Open-Meteo Historical Weather
2026-08-07,89.46249999999999,91.62916666666666,668.125,38.2125,21.575,84.125,0.47,0.0,25.7,79.20833333333333,984.1083333333332,0.3,7.979166666666667,136.29166666666666,Semarang - sekitar Mijen/Jatisari,Open-Meteo / CAMS Global,model,Open-Meteo Historical Weather
2026-08-08,53.56666666666666,56.46666666666667,502.8333333333333,26.8125,11.708333333333334,65.66666666666667,0.29125,0.0,26.4375,68.625,984.9916666666667,0.30000000000000004,8.012500000000001,146.875,Semarang - sekitar Mijen/Jatisari,Open-Meteo / CAMS Global,model,Open-Meteo Historical Weather
2026-08-09,51.28333333333333,54.30416666666667,307.875,23.104166666666668,9.35,60.875,0.27999999999999997,0.0,25.704166666666666,67.875,984.0458333333332,0.6000000000000001,10.166666666666666,166.83333333333334,Semarang - sekitar Mijen/Jatisari,Open-Meteo / CAMS Global,model,Open-Meteo Historical Weather
2026-08-10,79.74583333333334,83.87916666666666,488.0,34.550000000000004,16.8625,77.16666666666667,0.5533333333333333,0.0,24.912499999999998,73.83333333333333,983.9541666666668,0.0,7.654166666666666,197.91666666666666,Semarang - sekitar Mijen/Jatisari,Open-Meteo / CAMS Global,model,Open-Meteo Historical Weather
2026-08-11,70.74166666666666,75.50833333333334,392.7916666666667,30.579166666666666,10.029166666666667,57.625,0.3970833333333333,0.375,25.537499999999998,70.5,983.6541666666667,0.7000000000000001,7.154166666666668,136.70833333333334,Semarang - sekitar Mijen/Jatisari,Open-Meteo / CAMS Global,model,Open-Meteo Historical Weather
2026-08-12,74.96666666666667,78.85833333333333,533.9583333333334,31.079166666666666,17.283333333333335,81.91666666666667,0.5187499999999999,0.0,25.329166666666666,77.08333333333333,984.6,0.0,7.629166666666666,145.75,Semarang - sekitar Mijen/Jatisari,Open-Meteo / CAMS Global,model,Open-Meteo Historical Weather
2026-08-13,82.4375,84.82916666666667,607.2083333333334,35.145833333333336,16.541666666666668,79.625,0.53125,0.0,25.900000000000002,75.75,984.6416666666668,0.0,7.354166666666667,128.95833333333334,Semarang - sekitar Mijen/Jatisari,Open-Meteo / CAMS Global,model,Open-Meteo Historical Weather
2026-08-14,68.425,72.07916666666667,442.4166666666667,30.695833333333336,11.049999999999999,62.958333333333336,0.5125000000000001,0.0,25.854166666666668,78.04166666666667,985.225,2.0,6.045833333333333,167.0,Semarang - sekitar Mijen/Jatisari,Open-Meteo / CAMS Global,model,Open-Meteo Historical Weather
2026-08-15,75.575,78.74583333333334,422.0,32.6625,14.475,77.66666666666667,0.6779166666666666,0.20833333333333334,25.833333333333332,75.66666666666667,985.5625,0.30000000000000004,7.529166666666666,129.83333333333334,Semarang - sekitar Mijen/Jatisari,Open-Meteo / CAMS Global,model,Open-Meteo Historical Weather
2026-08-16,90.85833333333333,95.30416666666667,565.9166666666666,26.545833333333334,18.566666666666666,87.58333333333333,0.8683333333333333,0.4166666666666667,26.09166666666667,78.45833333333333,985.25,1.1,7.495833333333334,142.20833333333334,Semarang - sekitar Mijen/Jatisari,Open-Meteo / CAMS Global,model,Open-Meteo Historical Weather
2026-08-17,73.34583333333333,76.77916666666667,727.4583333333334,28.691666666666666,17.983333333333334,83.5,0.8375,0.0,26.224999999999998,81.79166666666667,986.1666666666666,6.1000000000000005,4.325,127.54166666666667,Semarang - sekitar Mijen/Jatisari,Open-Meteo / CAMS Global,model,Open-Meteo Historical Weather
2026-08-18,92.81666666666666,96.65833333333335,630.3333333333334,31.21666666666667,19.004166666666666,88.375,0.7508333333333334,0.0,26.241666666666664,81.75,984.9958333333334,1.3,7.741666666666667,125.125,Semarang - sekitar Mijen/Jatisari,Open-Meteo / CAMS Global,model,Open-Meteo Historical Weather
2026-08-19,76.55416666666666,80.52083333333333,562.125,31.974999999999998,20.583333333333332,75.41666666666667,0.7275,0.0,25.974999999999998,78.75,985.1666666666666,2.1,7.608333333333333,123.58333333333333,Semarang - sekitar Mijen/Jatisari,Open-Meteo / CAMS Global,model,Open-Meteo Historical Weather
2026-08-20,98.49583333333334,102.88333333333333,678.5416666666666,36.90416666666667,21.0125,82.95833333333333,0.7329166666666667,0.0,26.020833333333332,77.08333333333333,986.1083333333332,0.9,7.1875,122.16666666666667,Semarang - sekitar Mijen/Jatisari,Open-Meteo / CAMS Global,model,Open-Meteo Historical Weather
2026-08-21,91.08333333333333,95.49583333333334,602.4583333333334,35.46666666666667,21.45,77.79166666666667,0.52,0.0,25.75,75.45833333333333,985.6875,0.6,8.841666666666667,137.45833333333334,Semarang - sekitar Mijen/Jatisari,Open-Meteo / CAMS Global,model,Open-Meteo Historical Weather
2026-08-22,85.46249999999999,89.66250000000001,621.2916666666666,33.604166666666664,17.370833333333334,88.5,0.5729166666666666,0.0,26.0125,77.54166666666667,985.5625,0.2,6.625,136.33333333333334,Semarang - sekitar Mijen/Jatisari,Open-Meteo / CAMS Global,model,Open-Meteo Historical Weather
2026-08-23,67.86666666666666,71.90416666666667,386.5833333333333,24.5625,11.645833333333334,82.375,0.46458333333333335,0.0,25.90833333333333,73.79166666666667,985.7125,0.0,7.2749999999999995,130.83333333333334,Semarang - sekitar Mijen/Jatisari,Open-Meteo / CAMS Global,model,Open-Meteo Historical Weather
2026-08-24,63.25,66.55416666666666,330.4583333333333,26.97083333333333,10.958333333333334,72.0,0.3720833333333333,0.0,26.21666666666667,70.75,985.6708333333332,0.0,9.049999999999999,149.375,Semarang - sekitar Mijen/Jatisari,Open-Meteo / CAMS Global,model,Open-Meteo Historical Weather
2026-08-25,71.25416666666666,74.40416666666667,411.6666666666667,32.645833333333336,12.0625,62.875,0.3658333333333333,0.0,26.325,70.0,985.8916666666668,0.2,8.741666666666667,142.41666666666666,Semarang - sekitar Mijen/Jatisari,Open-Meteo / CAMS Global,model,Open-Meteo Historical Weather
2026-08-26,80.86666666666666,84.18333333333334,594.5416666666666,31.8875,17.116666666666667,75.33333333333333,0.6233333333333334,0.0,25.8625,77.66666666666667,986.1750000000001,1.8,6.604166666666667,123.54166666666667,Semarang - sekitar Mijen/Jatisari,Open-Meteo / CAMS Global,model,Open-Meteo Historical Weather
2026-08-27,42.958333333333336,46.020833333333336,308.8333333333333,20.599999999999998,8.241666666666667,58.75,0.3120833333333333,0.0,26.28333333333333,68.33333333333333,986.4250000000001,0.1,8.579166666666667,152.95833333333334,Semarang - sekitar Mijen/Jatisari,Open-Meteo / CAMS Global,model,Open-Meteo Historical Weather
2026-08-28,49.05833333333334,51.47083333333333,350.2916666666667,23.316666666666666,8.804166666666667,56.25,0.17208333333333334,0.0,25.616666666666664,61.5,985.9833333333332,0.0,9.9,188.95833333333334,Semarang - sekitar Mijen/Jatisari,Open-Meteo / CAMS Global,model,Open-Meteo Historical Weather
2026-08-29,75.9375,78.56666666666666,425.0,33.733333333333334,11.237499999999999,66.41666666666667,0.2529166666666667,0.0,25.370833333333334,64.83333333333333,985.3708333333334,0.0,8.666666666666666,142.5,Semarang - sekitar Mijen/Jatisari,Open-Meteo / CAMS Global,model,Open-Meteo Historical Weather
2026-08-30,66.60000000000001,69.21249999999999,434.375,27.954166666666666,13.845833333333333,66.04166666666667,0.45625,0.0,26.116666666666664,71.375,985.5916666666667,0.1,8.3125,141.20833333333334,Semarang - sekitar Mijen/Jatisari,Open-Meteo / CAMS Global,model,Open-Meteo Historical Weather
2026-08-31,85.55,88.86666666666667,473.375,33.50416666666667,14.216666666666667,74.33333333333333,0.5466666666666666,0.0,26.833333333333332,75.75,986.2333333333332,1.0,7.608333333333333,132.58333333333334,Semarang - sekitar Mijen/Jatisari,Open-Meteo / CAMS Global,model,Open-Meteo Historical Weather
2026-09-01,85.49583333333334,89.68333333333334,584.6666666666666,35.50833333333333,14.429166666666667,72.16666666666667,0.4879166666666667,0.0,26.55,75.16666666666667,985.975,0.30000000000000004,6.933333333333334,149.83333333333334,Semarang - sekitar Mijen/Jatisari,Open-Meteo / CAMS Global,model,Open-Meteo Historical Weather
2026-09-02,99.28750000000001,103.075,560.9166666666666,39.6,20.929166666666667,86.79166666666667,0.5229166666666667,0.0,26.570833333333336,73.16666666666667,985.8375,0.0,6.820833333333333,121.16666666666667,Semarang - sekitar Mijen/Jatisari,Open-Meteo / CAMS Global,model,Open-Meteo Historical Weather
2026-09-03,99.125,103.44583333333333,500.0833333333333,38.262499999999996,19.275000000000002,84.45833333333333,0.5316666666666666,0.0,25.787499999999998,74.16666666666667,985.2624999999999,0.0,7.408333333333334,147.04166666666666,Semarang - sekitar Mijen/Jatisari,Open-Meteo / CAMS Global,model,Open-Meteo Historical Weather
2026-09-04,77.09583333333333,81.13333333333334,418.5833333333333,28.97083333333333,12.341666666666667,65.375,0.3120833333333333,0.0,26.383333333333336,70.16666666666667,986.1583333333333,0.8,6.7875000000000005,113.45833333333333,Semarang - sekitar Mijen/Jatisari,Open-Meteo / CAMS Global,model,Open-Meteo Historical Weather
2026-09-05,23.629166666666666,25.770833333333332,278.4583333333333,12.945833333333333,5.458333333333333,54.75,0.12916666666666668,0.0,26.2,62.166666666666664,986.4833333333332,0.0,15.475,179.91666666666666,Semarang - sekitar Mijen/Jatisari,Open-Meteo / CAMS Global,model,Open-Meteo Historical Weather
2026-09-06,21.291666666666668,24.3125,242.70833333333334,8.795833333333333,5.595833333333334,62.166666666666664,0.22333333333333336,0.0,25.912499999999998,63.708333333333336,986.2458333333334,0.0,12.424999999999999,167.83333333333334,Semarang - sekitar Mijen/Jatisari,Open-Meteo / CAMS Global,model,Open-Meteo Historical Weather
2026-09-07,49.8125,53.53333333333333,293.9166666666667,22.308333333333334,9.720833333333333,54.208333333333336,0.5604166666666667,0.0,26.641666666666666,66.83333333333333,985.9333333333334,0.1,10.620833333333334,149.83333333333334,Semarang - sekitar Mijen/Jatisari,Open-Meteo / CAMS Global,model,Open-Meteo Historical Weather
2026-09-08,45.145833333333336,47.708333333333336,665.5833333333334,20.7375,10.266666666666667,60.791666666666664,0.9233333333333333,0.0,26.458333333333332,68.83333333333333,985.7875,3.3,9.554166666666667,153.83333333333334,Semarang - sekitar Mijen/Jatisari,Open-Meteo / CAMS Global,model,Open-Meteo Historical Weather
2026-09-09,58.99583333333333,63.09166666666667,527.4583333333334,28.962500000000002,13.3375,60.708333333333336,0.9020833333333332,0.0,26.575,71.04166666666667,984.4208333333332,2.1,9.9625,182.875,Semarang - sekitar Mijen/Jatisari,Open-Meteo / CAMS Global,model,Open-Meteo Historical Weather
2026-09-10,82.39583333333333,87.00416666666666,596.25,35.6,14.670833333333334,60.833333333333336,0.96875,0.0,25.929166666666664,76.70833333333333,984.1,4.6,8.108333333333333,155.29166666666666,Semarang - sekitar Mijen/Jatisari,Open-Meteo / CAMS Global,model,Open-Meteo Historical Weather
2026-09-11,90.25416666666666,94.17083333333333,682.1666666666666,35.71666666666666,16.241666666666667,76.125,0.9391666666666666,0.0,26.495833333333334,75.5,984.5749999999999,1.0,8.845833333333333,146.79166666666666,Semarang - sekitar Mijen/Jatisari,Open-Meteo / CAMS Global,model,Open-Meteo Historical Weather
2026-09-12,70.28333333333333,73.49166666666666,574.7916666666666,26.15416666666667,15.995833333333332,77.25,0.6633333333333333,0.0,26.9375,75.83333333333333,984.5625,0.0,8.512500000000001,123.375,Semarang - sekitar Mijen/Jatisari,Open-Meteo / CAMS Global,model,Open-Meteo Historical Weather
2026-09-13,71.16666666666667,74.03750000000001,382.8333333333333,25.083333333333332,11.358333333333334,69.20833333333333,0.35083333333333333,0.0,27.09583333333333,54.666666666666664,984.8625000000001,0.0,10.204166666666667,124.58333333333333,Semarang - sekitar Mijen/Jatisari,Open-Meteo / CAMS Global,model,Open-Meteo Historical Weather
2026-09-14,84.21249999999999,87.8625,396.7083333333333,33.15833333333333,13.904166666666667,67.875,0.4604166666666667,0.0,26.570833333333336,63.208333333333336,984.7583333333333,0.1,8.520833333333334,134.54166666666666,Semarang - sekitar Mijen/Jatisari,Open-Meteo / CAMS Global,model,Open-Meteo Historical Weather
2026-09-15,77.35833333333333,80.64583333333333,410.9166666666667,34.875,13.924999999999999,58.25,0.40208333333333335,0.0,26.7,64.58333333333333,985.1291666666666,0.2,10.191666666666666,138.16666666666666,Semarang - sekitar Mijen/Jatisari,Open-Meteo / CAMS Global,model,Open-Meteo Historical Weather
2026-09-16,79.375,82.80416666666666,520.25,35.604166666666664,12.491666666666667,56.416666666666664,0.5220833333333333,0.0,26.266666666666666,68.375,985.225,1.2,7.558333333333334,182.95833333333334,Semarang - sekitar Mijen/Jatisari,Open-Meteo / CAMS Global,model,Open-Meteo Historical Weather
2026-09-17,104.1125,107.2375,594.4166666666666,41.045833333333334,18.458333333333332,70.625,0.895,0.0,26.175,72.125,985.0124999999999,1.7000000000000002,7.008333333333333,181.0,Semarang - sekitar Mijen/Jatisari,Open-Meteo / CAMS Global,model,Open-Meteo Historical Weather
2026-09-18,115.04583333333333,118.52083333333333,748.7916666666666,45.2125,21.270833333333332,81.20833333333333,0.9741666666666666,0.0,26.129166666666666,78.91666666666667,984.7333333333332,1.6,6.25,144.0,Semarang - sekitar Mijen/Jatisari,Open-Meteo / CAMS Global,model,Open-Meteo Historical Weather
2026-09-19,94.175,97.26666666666667,607.4583333333334,36.53333333333333,11.737499999999999,65.54166666666667,0.78375,0.0,26.8,75.125,985.9375,2.7,6.329166666666667,143.75,Semarang - sekitar Mijen/Jatisari,Open-Meteo / CAMS Global,model,Open-Meteo Historical Weather
2026-09-20,89.3125,93.02083333333333,719.7083333333334,34.44583333333333,10.983333333333334,66.16666666666667,0.4283333333333333,0.0,26.650000000000002,71.95833333333333,986.025,3.0,7.6375,153.25,Semarang - sekitar Mijen/Jatisari,Open-Meteo / CAMS Global,model,Open-Meteo Historical Weather
2026-09-21,108.53750000000001,110.66666666666667,649.3333333333334,40.958333333333336,18.279166666666665,80.70833333333333,0.5083333333333333,0.0,26.34583333333333,75.125,984.8958333333334,1.3,8.608333333333333,145.25,Semarang - sekitar Mijen/Jatisari,Open-Meteo / CAMS Global,model,Open-Meteo Historical Weather
2026-09-22,109.20416666666667,112.03333333333335,670.0,46.25833333333333,18.104166666666668,74.91666666666667,0.4916666666666667,0.0,25.983333333333334,72.79166666666667,984.4208333333332,2.8000000000000003,8.458333333333334,156.66666666666666,Semarang - sekitar Mijen/Jatisari,Open-Meteo / CAMS Global,model,Open-Meteo Historical Weather
2026-09-23,104.2,106.8875,746.6666666666666,45.887499999999996,17.412499999999998,72.70833333333333,0.5133333333333333,0.0,26.59583333333333,67.41666666666667,984.6458333333334,0.2,7.883333333333333,138.25,Semarang - sekitar Mijen/Jatisari,Open-Meteo / CAMS Global,model,Open-Meteo Historical Weather
2026-09-24,86.125,89.17083333333333,644.5416666666666,34.06666666666667,15.695833333333333,71.91666666666667,0.46291666666666664,0.0,27.09583333333333,65.875,984.6791666666667,0.30000000000000004,9.570833333333333,127.75,Semarang - sekitar Mijen/Jatisari,Open-Meteo / CAMS Global,model,Open-Meteo Historical Weather
2026-09-25,99.64583333333333,103.0625,656.375,40.15416666666667,16.720833333333335,70.75,0.5975,0.0,27.554166666666664,69.16666666666667,985.3416666666667,0.1,8.895833333333334,138.91666666666666,Semarang - sekitar Mijen/Jatisari,Open-Meteo / CAMS Global,model,Open-Meteo Historical Weather
2026-09-26,95.59583333333335,97.66666666666667,489.75,37.43333333333333,17.125,79.875,0.69125,0.0,26.90416666666667,75.0,984.8791666666666,1.4,8.049999999999999,134.0,Semarang - sekitar Mijen/Jatisari,Open-Meteo / CAMS Global,model,Open-Meteo Historical Weather
2026-09-27,109.08333333333333,111.37083333333334,443.625,39.3375,18.525000000000002,79.625,0.5895833333333333,0.0,27.083333333333332,70.41666666666667,984.7125,2.1,8.225,146.66666666666666,Semarang - sekitar Mijen/Jatisari,Open-Meteo / CAMS Global,model,Open-Meteo Historical Weather
2026-09-28,108.9375,111.34583333333335,689.0416666666666,40.141666666666666,16.720833333333335,86.08333333333333,0.8075,0.0,26.7375,80.04166666666667,985.6875,4.3,7.3374999999999995,150.04166666666666,Semarang - sekitar Mijen/Jatisari,Open-Meteo / CAMS Global,model,Open-Meteo Historical Weather
2026-09-29,114.22083333333335,117.55833333333334,626.9583333333334,45.50833333333333,24.55,89.75,0.9483333333333334,0.0,26.704166666666666,79.16666666666667,986.0958333333333,1.3,7.891666666666667,151.58333333333334,Semarang - sekitar Mijen/Jatisari,Open-Meteo / CAMS Global,model,Open-Meteo Historical Weather
