tanggal,suhu_rata_rata
2026-01-01,26.2
2026-01-02,25.2
2026-01-03,25.4
2026-01-04,25.8
2026-01-05,26.2
2026-01-06,27.4
2026-01-07,26.6
2026-01-08,26.8
2026-01-09,26.1
2026-01-10,25.1
2026-01-11,25.1
2026-01-12,24.7
2026-01-13,25.0
2026-01-14,24.9
2026-01-15,24.9
2026-01-16,25.4
2026-01-17,25.1
2026-01-18,24.8
2026-01-19,25.6
2026-01-20,25.5
2026-01-21,24.9
2026-01-22,24.1
2026-01-23,24.7
2026-01-24,25.6
2026-01-25,26.0
2026-01-26,26.1
2026-01-27,25.8
2026-01-28,25.0
2026-01-29,25.7
2026-01-30,26.1
2026-01-31,26.5
2026-02-01,25.7
2026-02-02,25.0
2026-02-03,25.7
2026-02-04,25.6
2026-02-05,25.6
2026-02-06,25.5
2026-02-07,25.6
2026-02-08,25.7
2026-02-09,25.4
2026-02-10,26.3
2026-02-11,26.0
2026-02-12,25.4
2026-02-13,25.8
2026-02-14,26.3
2026-02-15,25.8
2026-02-16,25.7
2026-02-17,26.3
2026-02-18,25.4
2026-02-19,25.8
2026-02-20,25.9
2026-02-21,26.5
2026-02-22,26.1
2026-02-23,24.7
2026-02-24,26.1
2026-02-25,26.6
2026-02-26,26.6
2026-02-27,26.3
2026-02-28,26.1
2026-03-01,26.6
2026-03-02,26.4
2026-03-03,26.0
2026-03-04,26.6
2026-03-05,26.4
2026-03-06,25.9
2026-03-07,25.5
2026-03-08,25.2
2026-03-09,26.6
2026-03-10,26.3
2026-03-11,26.5
2026-03-12,27.0
2026-03-13,27.0
2026-03-14,26.7
2026-03-15,26.4
2026-03-16,26.2
2026-03-17,26.6
2026-03-18,27.4
2026-03-19,26.9
2026-03-20,27.3
2026-03-21,26.9
2026-03-22,26.6
2026-03-23,27.0
2026-03-24,26.2
2026-03-25,26.4
2026-03-26,25.5
2026-03-27,25.7
2026-03-28,26.6
2026-03-29,27.2
2026-03-30,26.4
2026-03-31,26.1
2026-04-01,26.9
2026-04-02,26.8
2026-04-03,26.5
2026-04-04,26.9
2026-04-05,27.1
2026-04-06,27.0
2026-04-07,26.9
2026-04-08,26.6
2026-04-09,27.0
2026-04-10,26.6
2026-04-11,26.8
2026-04-12,26.6
2026-04-13,27.5
2026-04-14,27.8
2026-04-15,27.0
2026-04-16,27.2
2026-04-17,27.2
2026-04-18,27.2
2026-04-19,27.1
2026-04-20,27.5
2026-04-21,27.4
2026-04-22,26.2
2026-04-23,27.4
2026-04-24,27.6
2026-04-25,27.9
2026-04-26,27.8
2026-04-27,27.5
2026-04-28,26.9
2026-04-29,27.1
2026-04-30,26.9
2026-05-01,26.9
2026-05-02,26.8
2026-05-03,26.7
2026-05-04,26.5
2026-05-05,27.1
2026-05-06,27.4
2026-05-07,27.7
2026-05-08,27.6
2026-05-09,27.4
2026-05-10,27.7
2026-05-11,27.8
2026-05-12,28.1
2026-05-13,28.0
2026-05-14,28.1
2026-05-15,27.4
2026-05-16,26.6
2026-05-17,27.3
2026-05-18,27.2
2026-05-19,27.2
2026-05-20,27.2
2026-05-21,27.9
2026-05-22,27.0
2026-05-23,26.2
2026-05-24,27.1
2026-05-25,27.1
2026-05-26,27.4
2026-05-27,26.4
2026-05-28,27.4
2026-05-29,27.5
2026-05-30,26.9
2026-05-31,26.9
2026-06-01,27.1
2026-06-02,27.4
2026-06-03,27.4
2026-06-04,27.4
2026-06-05,28.0
2026-06-06,27.6
2026-06-07,27.0
2026-06-08,26.9
2026-06-09,26.8
2026-06-10,26.6
2026-06-11,27.1
2026-06-12,27.0
2026-06-13,26.9
2026-06-14,27.1
2026-06-15,27.1
2026-06-16,26.8
2026-06-17,26.7
2026-06-18,26.9
2026-06-19,26.7
2026-06-20,27.4
2026-06-21,26.8
2026-06-22,27.0
2026-06-23,26.9
2026-06-24,27.2
2026-06-25,27.2
2026-06-26,27.0
2026-06-27,27.7
2026-06-28,27.7
2026-06-29,26.9
2026-06-30,26.6
2026-07-01,26.6
2026-07-02,26.3
2026-07-03,26.4
2026-07-04,26.8
2026-07-05,27.2
2026-07-06,26.9
2026-07-07,27.3
2026-07-08,27.0
2026-07-09,26.7
2026-07-10,26.0
2026-07-11,25.7
2026-07-12,25.6
2026-07-13,26.2
2026-07-14,26.8
2026-07-15,27.0
2026-07-16,27.1
2026-07-17,26.9
2026-07-18,26.9
2026-07-19,26.8
2026-07-20,27.0
2026-07-21,27.1
2026-07-22,27.3
2026-07-23,26.9
2026-07-24,26.7
2026-07-25,26.0
2026-07-26,26.1
2026-07-27,26.4
2026-07-28,27.0
2026-07-29,27.1
2026-07-30,27.1
2026-07-31,27.0
2026-08-01,27.0
2026-08-02,27.1
2026-08-03,27.6
2026-08-04,27.2
2026-08-05,27.1
2026-08-06,27.1
2026-08-07,26.9
2026-08-08,27.2
2026-08-09,26.7
2026-08-10,26.3
2026-08-11,26.9
2026-08-12,26.7
2026-08-13,26.6
2026-08-14,27.3
2026-08-15,27.5
2026-08-16,27.3
2026-08-17,27.6
2026-08-18,27.6
2026-08-19,27.3
2026-08-20,27.6
2026-08-21,27.2
2026-08-22,27.2
2026-08-23,27.0
2026-08-24,27.4
2026-08-25,27.4
2026-08-26,27.1
2026-08-27,28.0
2026-08-28,27.4
2026-08-29,26.9
2026-08-30,26.9
2026-08-31,27.9
2026-09-01,27.6
